spatial_node_id,latitude,longitude,police_station,address
0.0,13.040020428947368,77.51831476052632,Peenya,"Mumbai Bengaluru Highway, Vivekanand Nagar, Peenya, Bengaluru, Karnataka. Pin-560058 (India)"
1.0,12.922232399999999,77.64539243333333,HSR Layout,"Outer Ring Road, Heavie Halcyon, Agara, HSR Layout, Bengaluru, Karnataka. Pin-560102 (India)"
2.0,12.955421033333332,77.58570946666667,Wilson Garden,"Lalbagh Main Road, Dr Sri Shantaveera Swami Circle, Mavalli, Bengaluru, Karnataka. Pin-560004 (India)"
3.0,13.006317375,77.5791143,Sadashivanagar,"13th Cross Road, Bashyam Circle, Sadashiva Nagar, Bengaluru, Karnataka. Pin-560080 (India)"
4.0,12.954005725,77.585363925,Wilson Garden,"Lalbagh Fort Road, Lalbagh Main Gate Junction, Wilson Garden, Bengaluru, Karnataka. Pin-560027 (India)"
11.0,12.945177073333333,77.5278456325,Byatarayanapura,"Dr Rajkumar Puniya Bhoomi Road, Radiant Karel, Pantarapalya, Bengaluru, Karnataka. Pin-560039 (India)"
12.0,12.9999998,77.6821895,Mahadevapura,"1st Main Road, BSNL CACT Building, Dooravani Nagar, Bengaluru, Karnataka. Pin-560016 (India)"
13.0,13.0419978,77.5941756,Hebbala,"MBT Road, Amanikere, Hebbal, Bengaluru, Karnataka. Pin-560024 (India)"
14.0,12.976041233333333,77.62622626666666,Halasur,"Old Madras Road, A Nanjappa Circle, Halasuru, Bengaluru, Karnataka. Pin-560008 (India)"
15.0,13.063775,77.5935833,Hebbala,"Bellary Road, Renaissance Prospero Apartment, Kashi Nagar, Byatarayanapura, Bengaluru, Karnataka. Pin-560092 (India)"
17.0,12.9233517,77.5904883,Jayanagara,"36th Cross Road, Block 4T, Pattabhirama Nagar, Jayanagar, Bengaluru, Karnataka. Pin-560041 (India)"
18.0,12.99857801109589,77.58435436945206,Sadashivanagar,"Sankey Road, RV Layout, Seshadripuram, Bengaluru, Karnataka. Pin-560020 (India)"
19.0,12.906040257142857,77.62809321428573,Madiwala,"Hosur Road, Vivekananda Circle, Bommanahalli, Bengaluru, Karnataka. Pin-560068 (India)"
21.0,12.91674725,77.59519265,Jayanagara,"Silk Board Double Decker Flyover, East End Circle, Jayanagar, Bengaluru, Karnataka. Pin-560069 (India)"
24.0,12.947006100000001,77.59776556666667,Wilson Garden,"12th Cross Road, Lakksandra Extension, Wilson Garden, Bengaluru, Karnataka. Pin-560030 (India)"
25.0,12.98356075,77.59615308,Cubbon Park,"Infantry Road, Income Tax Colony, Vasant Nagar, Bengaluru, Karnataka. Pin-560001 (India)"
26.0,12.906670075,77.601059325,Mico Layout,"Bannerghatta Main Road, JD Mara Junction, BTM Layout Stage 2, Bengaluru, Karnataka. Pin-560076 (India)"
27.0,12.9635109,77.6642122,HAL Old Airport,"Suranjan Das Road, Officers Quarters, Airport Area, Bengaluru, Karnataka. Pin-560017 (India)"
31.0,12.979913,77.5642518,Magadi Road,"Magadi Road, Sobha Indraprastha, Magadi Road Area, Bengaluru, Karnataka. Pin-560023 (India)"
33.0,12.92213665,77.60030735000001,Mico Layout,"Bannerghatta Main Road, Sobha Magnolia, Sadduguntepalya, Bengaluru, Karnataka. Pin-560029 (India)"
34.0,12.9466212,77.698561,HAL Old Airport,"Outer Ring Road, Sumadhura Platinum Square, Kadubisanahalli, Bengaluru, Karnataka. Pin-560037 (India)"
35.0,13.044887517647059,77.50730104705883,Peenya,"Mumbai Bengaluru Highway, Nelakadirena Halli, T Dasarahalli, Bengaluru, Karnataka. Pin-560073 (India)"
38.0,13.029628469387754,77.53830526734694,Yeshwanthpura,"Outer Ring Road, RNS Shriniketan, Yeshwanthpur, Bengaluru, Karnataka. Pin-560022 (India)"
39.0,13.02627062,77.54423446000001,Yeshwanthpura,"1st Main Road, Sri Vijayamaruthi Circle, Yeshwanthpur, Bengaluru, Karnataka. Pin-560022 (India)"
40.0,12.9188682,77.6687736,Bellandur,"Sarjapura Main Road, Sri Balaji Layout, Bellandur Gate, Bellandur, Bengaluru, Karnataka. Pin-560102 (India)"
42.0,12.937391327857142,77.5199997542857,Byatarayanapura,"Mysore Road, BWSSB Quarters, Nayandahalli, Bengaluru, Karnataka. Pin-560039 (India)"
43.0,12.96832542,77.70133475571429,HAL Old Airport,"Outer Ring Road, Karthik Nagar, Marathahalli, Bengaluru, Karnataka. Pin-560037 (India)"
44.0,12.985987117647058,77.58862548235294,High ground,"Palace Road, Dharmaprakash Devarao Shivaram Ubhayaker Circle, Vasant Nagar, Bengaluru, Karnataka. Pin-560001 (India)"
45.0,13.012880025,77.554141275,Malleshwaram,"80 Feet Ring Road, Orion, Brigade Gateway, Malleshwaram West, Bengaluru, Karnataka. Pin-560055 (India)"
46.0,12.9842019,77.7336286,Whitefield,"Pattandur Agrahara Road, Vertex Tech Park, EPIP Zone, Whitefield, Bengaluru, Karnataka. Pin-560066 (India)"
47.0,13.2645011,77.7187932,Devanahalli Airport,"Bangalore Bellary Road, Nitesh Long Land, Devanahalli, Karnataka. Pin-562110 (India)"
48.0,12.984363799999999,77.75234276666667,Mahadevapura,"Whitefield Main Road, Hope Farm Circle, Whitefield, Bengaluru, Karnataka. Pin-560066 (India)"
49.0,12.9366267,77.6929083,HAL Old Airport,"Embassy Tech Square Main Road, Featherlite The Address, Kadubisanahalli, Bengaluru, Karnataka. Pin-560103 (India)"
51.0,12.951415475000001,77.4993767,Jnanabharathi,"Kengeri Main Road, Ullal Junction, Jnana Bharathi, Bengaluru, Karnataka. Pin-560056 (India)"
53.0,12.9795366375,77.60271975,Shivajinagar,"Cubbon Road, Shivaji Nagar Intersection Junction, Shivaji Nagar, Bengaluru, Karnataka. Pin-560001 (India)"
54.0,12.9169753,77.58553234285715,Jayanagara,"46th Cross Road, Sri Aurobindo Circle, Jayanagar, Bengaluru, Karnataka. Pin-560041 (India)"
55.0,13.018659044,77.656429696,Banaswadi,"2nd Cross Road, Horamavu Junction, Banaswadi, Bengaluru, Karnataka. Pin-560043 (India)"
56.0,12.9740942,77.54506315,Vijayanagara,"Chord Road, Manuvana, Vijaya Nagar, Bengaluru, Karnataka. Pin-560040 (India)"
57.0,12.968564650000001,77.57002075,Chamarajpet,"1st Cross Road, Akkimakalamna Gudi, Cottonpete, Bengaluru, Karnataka. Pin-560053 (India)"
58.0,12.983844025,77.52884625499999,Kamakshipalya,"G Narayana Kumar Road, Soundarya Kamakshi, Karekallu, Kamakshipalya, Bengaluru, Karnataka. Pin-560079 (India)"
59.0,12.961796358333332,77.513522725,Jnanabharathi,"Dr Rajkumar Puniya Bhoomi Road, Block 12, BDA Layout, Nagarbhavi Stage 2, Bengaluru, Karnataka. Pin-560072 (India)"
62.0,12.9272074,77.6796267,Bellandur,"Outer Ring Road, Citilights Liberty Apartment, Kariyammana Agrahara, Bengaluru, Karnataka. Pin-560103 (India)"
64.0,13.2674245,77.7196477,Devanahalli Airport,"Srinagar Kanyakumari Highway, Nitesh Long Land, Devanahalli, Karnataka. Pin-562110 (India)"
65.0,12.945199639999998,77.49536212000001,Jnanabharathi,"Kengeri Main Road, Jnana Bharathi, Bengaluru, Karnataka. Pin-560056 (India)"
66.0,12.9873133,77.6163481,Pulikeshinagar(F.Town),"St John Road, Field Marshal Manekshaw Enclave, Sivanchetti Gardens, Bengaluru, Karnataka. Pin-560042 (India)"
67.0,12.962188671428573,77.56407865714286,Chamarajpet,"Mysore Road, Sirsi Circle, Chamarajpet, Bengaluru, Karnataka. Pin-560018 (India)"
68.0,12.942498025,77.62270335,Adugodi,"Srinivagilu Main Road, Godavari Block, National Games Village, Koramangala, Bengaluru, Karnataka. Pin-560047 (India)"
69.0,12.8482637,77.6713737,Electronic City,"4th Main Road, Abbaiah Reddy Layout, Electronic City, Bengaluru, Karnataka. Pin-560100 (India)"
70.0,12.966963772916666,77.607735855,Ashok Nagar,"Museum Road, Shoolay Circle, Nilsandra, Bengaluru, Karnataka. Pin-560025 (India)"
71.0,13.0253205,77.6400845,Banaswadi,"5th A Cross Road, Chelekere, Bengaluru, Karnataka. Pin-560043 (India)"
72.0,12.855839824,77.664729044,Electronic City,"Hosur Road, Nanjuda Reddy Layout, Phase 1, Electronic City, Bengaluru, Karnataka. Pin-560100 (India)"
73.0,12.966161956338029,77.58576382253521,Halasuru Gate,"Nrupatunga Road, Police Corner Junction, Nagartapete, Bengaluru, Karnataka. Pin-560002 (India)"
74.0,12.97456025,77.56605985,Magadi Road,"Binny Mill Main Road, Railway Quarters, Subhash Nagar, Sevashrama, Bengaluru, Karnataka. Pin-560023 (India)"
75.0,12.947798813333334,77.53405099666666,Byatarayanapura,"Mysore Road, Deepanjali Nagar, Bengaluru, Karnataka. Pin-560026 (India)"
77.0,13.0068521,77.59259225,R.T. Nagar,"Jayamahal Main Road, Munireddypalya, JC Nagar, Bengaluru, Karnataka. Pin-560006 (India)"
82.0,13.036027444347825,77.58879187608696,Kodigehalli,"Bellary Road, Vinayaka Nagar, Hebbal, Bengaluru, Karnataka. Pin-560024 (India)"
85.0,12.923796140000002,77.55359054,Banashankari,"Dr Rajkumar Puniya Bhoomi Road, Block 5 Phase 3, Banashankari Stage 3, Bengaluru, Karnataka. Pin-560085 (India)"
86.0,12.95864055,77.59319740000001,Halasuru Gate,"KH Road, Sri Jai Maruthi Eat Out Junction, Shanti Nagar, Bengaluru, Karnataka. Pin-560027 (India)"
89.0,12.922119077222222,77.61971781666666,Madiwala,"Madiwala Underpass, Madiwala Junction, Madivala, Bengaluru, Karnataka. Pin-560068 (India)"
90.0,13.0331905,77.5901915,Hebbala,"Anand Nagar Main Road, AGS Layout, Anand Nagar, Hebbal, Bengaluru, Karnataka. Pin-560024 (India)"
91.0,12.9358395,77.6149327,Adugodi,"1st B Main Road, Block 7, Koramangala, Bengaluru, Karnataka. Pin-560095 (India)"
94.0,12.912865606666665,77.62535699333334,HSR Layout,"Hosur Road, Krimson Square, Muneshwara Nagar, HSR Layout, Bengaluru, Karnataka. Pin-560102 (India)"
95.0,12.989302472340427,77.50654764255319,Kamakshipalya,"Magadi Main Road, BM Shankarappa Industrial Estate, Sunkadakatte, Bengaluru, Karnataka. Pin-560091 (India)"
96.0,13.017538910499999,77.55868343825,Yeshwanthpura,"CV Raman Road, Samvidhana Circle, Malleshwaram West, Bengaluru, Karnataka. Pin-560055 (India)"
97.0,12.9392829,77.5596125,Basavanagudi,"5th Cross Road, 2nd Block, Ashok Nagar, Banashankari Stage 1, Bengaluru, Karnataka. Pin-560050 (India)"
98.0,12.955500990654205,77.54708511158877,Byatarayanapura,"Mysore Road, AR Compound, Chamarajpet, Bengaluru, Karnataka. Pin-560018 (India)"
99.0,13.049271675,77.49546347500001,Peenya,"Mumbai Bengaluru Highway, Bagalagunte, Bengaluru, Karnataka. Pin-560073 (India)"
100.0,12.839799925,77.6770451875,Electronic City,"Hosur Road, Pramuk Aqua Heights, Electronic City, Bengaluru, Karnataka. Pin-560100 (India)"
101.0,12.9133942,77.6001199,Mico Layout,"Bannerghatta Main Road, Mantri Elegance Shopping Mall, BTM Layout Stage 2, Bengaluru, Karnataka. Pin-560076 (India)"
103.0,13.116399075,77.607923525,Yelahanka,"Bellary Road, North Gate Office Park Phase 3, Yelahanka, Bengaluru, Karnataka. Pin-560064 (India)"
104.0,13.0468824,77.5756714,Kodigehalli,"Gundappa Road, Nagashetty Halli, RMV Stage 2, Bengaluru, Karnataka. Pin-560094 (India)"
105.0,13.0427601,77.591429425,Hebbala,"Hebbal Flyover, Hebbal Junction, Hebbal, Bengaluru, Karnataka. Pin-560024 (India)"
106.0,13.01619655,77.70934815,K.R. Pura,"Basavanapura Road, Sri Manjunatha Layout, KR Puram, Bengaluru, Karnataka. Pin-560049 (India)"
108.0,12.9901791,77.5929688,High ground,"16th Main Road, Police Quarters, Vasant Nagar, Bengaluru, Karnataka. Pin-560001 (India)"
109.0,12.93848535,77.69784465,HAL Old Airport,"Panathur Main Road, Mariyappa Layout, Kadubisanahalli, Bengaluru, Karnataka. Pin-560103 (India)"
111.0,12.916975166666667,77.58866793333333,Jayanagara,"Silk Board Double Decker Flyover, MTB Area, Jayanagar, Bengaluru, Karnataka. Pin-560041 (India)"
112.0,12.915603925000001,77.56528685,Banashankari,"Dr Rajkumar Puniya Bhoomi Road, Bhawani Nagar, Banashankari Stage 2, Bengaluru, Karnataka. Pin-560070 (India)"
115.0,12.92434315,77.6492068,HSR Layout,"Agara Junction Flyover, Agara, HSR Layout, Bengaluru, Karnataka. Pin-560102 (India)"
116.0,12.9641312,77.6261077,Halasur,"Old Airport Road, Golden Jubilee Complex, Agaram, Bengaluru, Karnataka. Pin-560007 (India)"
117.0,12.869822607777778,77.65328452888889,Electronic City,"Hosur Road, Channakeshava Nagar, Singasandra, Bengaluru, Karnataka. Pin-560100 (India)"
118.0,12.976447133333332,77.6015926,Cubbon Park,"AH 43, Anil Kumble Chowk, Shivaji Nagar, Bengaluru, Karnataka. Pin-560001 (India)"
119.0,12.921527725,77.661770225,Bellandur,"1st Cross Road, Iblur Village, Bellandur, Bengaluru, Karnataka. Pin-560102 (India)"
120.0,12.983856,77.577635,High ground,"Dr MH Ambarish Road, Madhavanagar Extension, Gandhi Nagar, Bengaluru, Karnataka. Pin-560001 (India)"
121.0,12.979579975,77.51060587500001,Jnanabharathi,"Kengeri Main Road, Nagarbhavi BDA Shopping Complex, Block 3, Nagarbhavi Stage 2, Bengaluru, Karnataka. Pin-560072 (India)"
122.0,13.0228566,77.6012317,R.T. Nagar,"2nd Cross Road, Mariappa Garden, RT Nagar, Bengaluru, Karnataka. Pin-560032 (India)"
124.0,13.0079356,77.52678825000001,Rajajinagar,"Dr Rajkumar Puniya Bhoomi Road, Narasimhaswamy Layout, Laggere, Bengaluru, Karnataka. Pin-560058 (India)"
125.0,13.150794566666667,77.61992523333333,Chikkajala,"Bengaluru Bellary Road, Hunsemarrenhalli Junction, Hunasamaranahalli, Bengaluru, Karnataka. Pin-562157 (India)"
126.0,13.1213994,77.6180718,Yelahanka,"Bagaluru Main Road, Krishna Shelton, Kattigenahalli, Bengaluru, Karnataka. Pin-560063 (India)"
127.0,12.976021766666667,77.56452801666667,Magadi Road,"Magadi Road, Magadi Road Area, Bengaluru, Karnataka. Pin-560023 (India)"
128.0,12.9641607,77.57019585,Chamarajpet,"BGS Flyover, Jolly Mohalla, Sultanpete, Bengaluru, Karnataka. Pin-560053 (India)"
129.0,12.9124656,77.5805324,J.P. Nagar,"5th Cross Road, TMC Layout, JP Nagar Phase 1, Bengaluru, Karnataka. Pin-560078 (India)"
130.0,12.923116866666666,77.65678893333335,Bellandur,"Outer Ring Road, SM Industrial Estate, HSR Layout, Bengaluru, Karnataka. Pin-560102 (India)"
131.0,12.888586974999999,77.640084825,Electronic City,"Electronics City Flyover, AM Industrial Estate, Garvebhavi Palya, Bengaluru, Karnataka. Pin-560068 (India)"
132.0,12.9840091,77.57472410000001,Sheshadripuram,"Padmabhushan Dr RK Srikantan Road, Kalpataru Kalpavriksha, Madhava Nagar, Gandhi Nagar, Bengaluru, Karnataka. Pin-560001 (India)"
134.0,13.0436683,77.6067467,Hebbala,"MBT Road, SNN Clermont, Hebbal Kempapura, Bengaluru, Karnataka. Pin-560024 (India)"
135.0,13.017118508333333,77.58409080645833,Sadashivanagar,"Bellary Road, Enayathulla Mehkri Circle, Sadashiva Nagar, Bengaluru, Karnataka. Pin-560080 (India)"
136.0,12.962851879999999,77.64161786,Jeevanbheemanagar,"Domlur Inner Ring Road, Carlton Towers, HAL Stage 2, Indiranagar, Bengaluru, Karnataka. Pin-560008 (India)"
137.0,13.096722846428571,77.59779873214286,Yelahanka,"Bellary Road, Concorde Mayfair, KHB Colony, Yelahanka, Bengaluru, Karnataka. Pin-560064 (India)"
139.0,12.9747138,77.5487765,Magadi Road,"G Narayana Kumar Road, Shri Balagangadharanath Swamiji Circle, Vijaya Nagar, Bengaluru, Karnataka. Pin-560040 (India)"
140.0,12.9162843,77.6155072,Madiwala,"Outer Ring Road, 29th BTM Road Junction, BTM Layout Stage 2, Bengaluru, Karnataka. Pin-560076 (India)"
141.0,13.161573975,77.62716074,Chikkajala,"Bengaluru Bellary Road, Vidyanagar Junction, Chikkajala, Bengaluru, Karnataka. Pin-562157 (India)"
142.0,12.855997566666666,77.5888951,Hulimavu,"Bannerghatta Main Road, Anjanapura Upavalaya, Gottigere, Bengaluru, Karnataka. Pin-560083 (India)"
143.0,12.944938892857142,77.59641394285714,Wilson Garden,"Hosur Road, Arepanahalli, Wilson Garden, Bengaluru, Karnataka. Pin-560027 (India)"
144.0,13.041930211864406,77.54878634406779,Jalahalli,"Outer Ring Road, CQAE Staff Quarters, Yeshwanthpur, Bengaluru, Karnataka. Pin-560022 (India)"
145.0,12.95981285,77.64836821666667,Jeevanbheemanagar,"Old Airport Road, Manipal Hospital Junction, Kodihalli, Bengaluru, Karnataka. Pin-560008 (India)"
146.0,12.9197329,77.5835635,Jayanagara,"9th Main Road, Block 5, Jayanagar, Bengaluru, Karnataka. Pin-560041 (India)"
147.0,12.987076109090909,77.519682,Kamakshipalya,"1st Cross Road, Sumnahalli Junction, Kamakshipalya, Bengaluru, Karnataka. Pin-560091 (India)"
150.0,13.0444629,77.6433744,Hennuru,"Hennur Main Road, KBM Shariff Layout, Geddalahalli, Bengaluru, Karnataka. Pin-560077 (India)"
151.0,12.967970666666668,77.56800626666667,Chamarajpet,"Dr TCM Royan Road, Akkimakalamna Gudi, Cottonpete, Bengaluru, Karnataka. Pin-560053 (India)"
152.0,12.989819149999999,77.57207745,Sheshadripuram,"Subedar Chatram Road, Shri Rajiv Gandhi Circle, Seshadripuram, Bengaluru, Karnataka. Pin-560020 (India)"
155.0,12.9013118,77.6322397,Madiwala,"Hosur Road, Garvebavipalya Junction, Bommanahalli, Bengaluru, Karnataka. Pin-560068 (India)"
156.0,12.971819433333332,77.61946978333333,Halasur,"Trinity Church Road, Trinity Circle, Ashok Nagar, Bengaluru, Karnataka. Pin-560001 (India)"
157.0,13.038563966666667,77.62529496666667,K.G. Halli,"MBT Road, Nagawara Junction, HBR Layout, Bengaluru, Karnataka. Pin-560043 (India)"
160.0,12.96455315,77.57368765000001,Chamarajpet,"BGS Flyover, Chanda Nagar, Sultanpete, Bengaluru, Karnataka. Pin-560053 (India)"
163.0,13.0174102,77.55384043333333,Yeshwanthpura,"Chord Road, Aparna Elina, Yeshwanthpur, Bengaluru, Karnataka. Pin-560022 (India)"
168.0,12.9441328,77.5010682,Jnanabharathi,"Mariyappanapalya Main Road, Dhanvanthri Layout, Jnana Bharathi, Bengaluru, Karnataka. Pin-560056 (India)"
173.0,13.034994213333333,77.52849633333334,Peenya,"Mumbai Bengaluru Highway, Peenya 2nd Block, Peenya, Bengaluru, Karnataka. Pin-560058 (India)"
174.0,12.92335,77.58296,Jayanagara,"36th Cross Road, Shri Satya Sai Circle, Jayanagar, Bengaluru, Karnataka. Pin-560041 (India)"
175.0,12.939072732222222,77.69489973777779,HAL Old Airport,"Kadubeesanahalli Underpass, Kadubisanahalli Junction, Kadubisanahalli, Bengaluru, Karnataka. Pin-560103 (India)"
177.0,13.08160315,77.54821085,Yelahanka,"Hesarghatta Road, Mohammad Sab Palya Circle, Vidyaranyapura, Bengaluru, Karnataka. Pin-560097 (India)"
178.0,13.014627058333334,77.57195706666667,Sadashivanagar,"CV Raman Road, Indian Institute of Science, Bengaluru, Karnataka. Pin-560012 (India)"
179.0,12.8193862,77.6890097,Electronic City,"Hosur Road, Muthurayappa Estate, Bommasandra, Bengaluru, Karnataka. Pin-560099 (India)"
180.0,12.9697862,77.7499252,Whitefield,"SH 35, HBK Layout, Whitefield, Bengaluru, Karnataka. Pin-560066 (India)"
181.0,12.9228111,77.7365506,Whitefield,"Varthur Main Road, Vahe Imperial Gardens, Gunjur, Bengaluru, Karnataka. Pin-560087 (India)"
182.0,12.972199966666667,77.59407141666667,Cubbon Park,"Kasturba Road, Siddalingaiah Circle, Gandhi Nagar, Bengaluru, Karnataka. Pin-560001 (India)"
183.0,12.926170500000001,77.67697655,Bellandur,"Outer Ring Road, Bellandur Circle, Bellandur, Bengaluru, Karnataka. Pin-560103 (India)"
184.0,13.007019886666667,77.58394558666667,Sadashivanagar,"Sri Ramana Maharshi Road, Palace Ground, Jayamahal, Bengaluru, Karnataka. Pin-560080 (India)"
185.0,12.933361975,77.68881475,HAL Old Airport,"Outer Ring Road, Vaswani Melrose, Chandana, Kadubisanahalli, Bengaluru, Karnataka. Pin-560103 (India)"
186.0,12.836608466666666,77.6789569,Electronic City,"Hosur Road, Columbia Aaltius, Electronic City, Bengaluru, Karnataka. Pin-560100 (India)"
187.0,12.9163829,77.61216834999999,Mico Layout,"20th Main Road, BTM Layout Stage 1, Bengaluru, Karnataka. Pin-560068 (India)"
189.0,13.0783123,77.5921644,Yelahanka,"Bellary Road, Yashoda Nagar, Yelahanka, Bengaluru, Karnataka. Pin-560065 (India)"
190.0,12.96180545,77.63061623333333,Halasur,"Old Airport Road, Agaram, Bengaluru, Karnataka. Pin-560007 (India)"
191.0,12.9201367,77.6653608,Bellandur,"Sarjapura Main Road, Iblur Junction, Bellandur, Bengaluru, Karnataka. Pin-560102 (India)"
194.0,13.05671035,77.59407125,Hebbala,"Bellary Road, Kodigehalli Gate Junction, Byatarayanapura, Bengaluru, Karnataka. Pin-560092 (India)"
195.0,12.9827733,77.5622665,Sheshadripuram,"3rd Main Road, Block 4N, Ramachandrapuram, Bengaluru, Karnataka. Pin-560021 (India)"
198.0,12.9556047,77.6914427,HAL Old Airport,"A Main Road, Doddanekundi Circle, Marathahalli, Bengaluru, Karnataka. Pin-560037 (India)"
199.0,13.010387722222223,77.58364095555555,Sadashivanagar,"Sri Ramana Maharshi Road, Achaiah Chetty Layout, RMV Extension, Sadashiva Nagar, Bengaluru, Karnataka. Pin-560080 (India)"
200.0,13.0765828,77.5928422,Yelahanka,"Bellary Road, Century Horizon, Yashoda Nagar, Yelahanka, Bengaluru, Karnataka. Pin-560065 (India)"
202.0,12.935882025,77.513006225,Jnanabharathi,"Mysore Road, Navami Landmark, Bangalore University, Jnana Bharathi, Bengaluru, Karnataka. Pin-560056 (India)"
204.0,13.019650822222221,77.70895703333333,K.R. Pura,"MBT Road, Zero Tolerance Junction, KR Puram, Bengaluru, Karnataka. Pin-560049 (India)"
205.0,12.913770779999998,77.67796383999999,Bellandur,"Amrutha College Road, Sri Venkateshwara Circle, Haralur, Bengaluru, Karnataka. Pin-560035 (India)"
206.0,13.001449475,77.61213137499999,Pulikeshinagar(F.Town),"Netaji Road, Puttanna Junction, Frazer Town, Bengaluru, Karnataka. Pin-560005 (India)"
207.0,12.9058528,77.58580383,J.P. Nagar,"24th Main Road, Sarakki Agrahara, JP Nagar Phase 5, Bengaluru, Karnataka. Pin-560078 (India)"
209.0,12.9753451375,77.5754732875,Upparpet,"Kempegowda Road, Kempe Gowda Circle, Gandhi Nagar, Bengaluru, Karnataka. Pin-560009 (India)"
211.0,12.9714709,77.50733265,Jnanabharathi,"Kengeri Main Road, Block 11, Marilingappa Layout, Nagarbhavi Stage 2, Bengaluru, Karnataka. Pin-560072 (India)"
212.0,12.974160557142856,77.5700255,Chamarajpet,"Dr TCM Royan Road, Cottonpet Circle, Cottonpete, Bengaluru, Karnataka. Pin-560053 (India)"
213.0,13.0217783,77.6490837,Banaswadi,"MBT Road, Nanjappa Garden, Babusapalya, Bengaluru, Karnataka. Pin-560043 (India)"
214.0,12.9354371,77.536311,Banashankari,"Dr Rajkumar Puniya Bhoomi Road, Veerannana Guda, Veerabhadra Nagar, Banashankari Stage 3, Bengaluru, Karnataka. Pin-560085 (India)"
216.0,13.041540614285713,77.61547217142856,Hennuru,"MBT Road, Ebisu Tech Park, Nagavara, Bengaluru, Karnataka. Pin-560045 (India)"
217.0,13.07223624,77.5929059,Yelahanka,"Bellary Road, Century Horizon, Yashoda Nagar, Yelahanka, Bengaluru, Karnataka. Pin-560065 (India)"
218.0,12.94187180909091,77.74712351818181,Whitefield,"Varthur Main Road, KSRTC Travel House Junction, Varthur Marattahalli, Bengaluru, Karnataka. Pin-560087 (India)"
219.0,12.936303475,77.70544687499999,HAL Old Airport,"Panathur Main Road, Panathur, Bengaluru, Karnataka. Pin-560087 (India)"
221.0,12.97726717,77.75125437,Whitefield,"Vijayanagar Road, Inner Valley, Whitefield, Bengaluru, Karnataka. Pin-560066 (India)"
222.0,13.10980055,77.60362657499999,Yelahanka,"Bellary Road, Embassy Business Hub, Yelahanka, Bengaluru, Karnataka. Pin-560064 (India)"
223.0,13.0386532,77.5740578,Kodigehalli,"Dr Rajgopal Road, Basappa Layout, Sanjay Nagar, Bengaluru, Karnataka. Pin-560094 (India)"
224.0,12.9888963,77.4990903,Kamakshipalya,"Magadi Main Road, Janapriya Bharat Enclave, Sri Venkateshwara Industrial Estate, Sunkadakatte, Bengaluru, Karnataka. Pin-560091 (India)"
226.0,12.9609302,77.63815701666667,Halasur,"Old Airport Road, Dr Rajkumar Circle, Domlur, Bengaluru, Karnataka. Pin-560071 (India)"
227.0,12.9714236,77.5979847,Cubbon Park,"Sri ML Subbaraju Road, Walton Road Circle, Shanthala Nagar, Bengaluru, Karnataka. Pin-560001 (India)"
228.0,13.009015019047618,77.69545374761904,K.R. Pura,"MBT Road, Devasandra Junction, KR Puram, Bengaluru, Karnataka. Pin-560036 (India)"
232.0,12.995951088999998,77.667675856,Mahadevapura,"Old Madras Road, Royal Heritage, Pai Layout, Mahadevapura, Bengaluru, Karnataka. Pin-560016 (India)"
234.0,13.121834411111111,77.61086791111111,Yelahanka,"Bellary Road, Bagalur Cross Junction, Kattigenahalli, Bengaluru, Karnataka. Pin-560063 (India)"
235.0,12.9329717,77.5086981,Jnanabharathi,"Mysore Road, Grand Gandharva, Rajarajeshwari Nagar, Bengaluru, Karnataka. Pin-560098 (India)"
236.0,12.9651,77.5350967,Vijayanagara,"Chord Road, Remco Housing Cooperative Society, RPC Layout, Vijaya Nagar Stage 2, Bengaluru, Karnataka. Pin-560104 (India)"
237.0,12.997975,77.553098,Rajajinagar,"80 Feet Ring Road, Harikara Vidvan Sri R Gururajulu Naidu Circle, Rajaji Nagar, Bengaluru, Karnataka. Pin-560010 (India)"
238.0,13.049889675,77.59357875,Hebbala,"Bellary Road, Esteem Mall, Hebbal Kempapura, Bengaluru, Karnataka. Pin-560024 (India)"
239.0,12.99319455,77.6072178,Pulikeshinagar(F.Town),"Haines Road, Coles Park Junction, Shivaji Nagar, Bengaluru, Karnataka. Pin-560051 (India)"
240.0,13.048405866666668,77.64538546666667,Hennuru,"Hennur Main Road, Geddalahalli, Bengaluru, Karnataka. Pin-560077 (India)"
241.0,12.99480045,77.7577712,Mahadevapura,"Whitefield Main Road, Gopal Krishna Nagar, Kadugodi Plantation, Bengaluru, Karnataka. Pin-560067 (India)"
242.0,12.938787166666666,77.59832083333333,Wilson Garden,"Hosur Road, Hombegowda Nagar, Bengaluru, Karnataka. Pin-560029 (India)"
243.0,12.84050935,77.65196295,Electronic City,"Neeladri Road, Concord Silicon Valley, Phase 1, Electronic City, Bengaluru, Karnataka. Pin-560100 (India)"
244.0,13.0082175,77.5718546,Sadashivanagar,"Sankey Road, Malleshwaram 18th Cross Junction, Malleshwaram West, Bengaluru, Karnataka. Pin-560055 (India)"
245.0,12.99992377,77.6756627,Banaswadi,"MBT Road, Dargah Mohalla, Mahadevapura, Bengaluru, Karnataka. Pin-560016 (India)"
248.0,12.980498583333334,77.57076035555555,Chamarajpet,"Bhashyam Main Road, Sangolli Rayanna Circle, Majestic, Bengaluru, Karnataka. Pin-560023 (India)"
249.0,13.013604466666665,77.56737166666666,Sadashivanagar,"CV Raman Road, CNR Rao Circle, Indian Institute of Science, Bengaluru, Karnataka. Pin-560012 (India)"
251.0,13.0982087,77.5712693,Yelahanka,"Yelahanka Road, Nagarjuna Aster Park, Yelahanka New Town, Bengaluru, Karnataka. Pin-560064 (India)"
253.0,12.96033281111111,77.50448983333334,Jnanabharathi,"Kengeri Main Road, Kengunte Circle, Bengaluru, Karnataka. Pin-560056 (India)"
256.0,12.948512166666667,77.59338713333334,Wilson Garden,"Hosur Road, Dr Ambedkar Social Welfare Association, Jayanagar East, Bengaluru, Karnataka. Pin-560011 (India)"
257.0,12.9280773,77.54613511428572,Banashankari,"Dr Rajkumar Puniya Bhoomi Road, Sterling Terraces Apartment, Banashankari Stage 3, Bengaluru, Karnataka. Pin-560085 (India)"
258.0,12.9666879,77.5047409,Jnanabharathi,"60 Feet Road, KK Layout, Nagarbhavi Stage 2, Bengaluru, Karnataka. Pin-560072 (India)"
259.0,13.01002855,77.59054755,R.T. Nagar,"Jayamahal Main Road, Vasanth Enclave, JC Nagar, Bengaluru, Karnataka. Pin-560006 (India)"
260.0,12.959287071428573,77.65509271428571,Jeevanbheemanagar,"Old Airport Road, Thimma Reddy Layout, Murugeshpalya, Bengaluru, Karnataka. Pin-560017 (India)"
261.0,13.039639805,77.64146074,Hennuru,"Hennur Main Road, Skyline Retreat, Vaddrapalya, Hennuru, Bengaluru, Karnataka. Pin-560043 (India)"
262.0,12.9392078,77.5800529,Basavanagudi,"RV Road, Parasmani Regency, Block 2, Jayanagar East, Bengaluru, Karnataka. Pin-560011 (India)"
263.0,12.9435587,77.5799456,Basavanagudi,"RV Road, Teachers College Circle, Basavanagudi, Bengaluru, Karnataka. Pin-560004 (India)"
264.0,13.0089304,77.5489327,Malleshwaram,"Da Ra Bendre Road, Block 1R, Rajaji Nagar, Bengaluru, Karnataka. Pin-560010 (India)"
265.0,12.9480814,77.57360729999999,Basavanagudi,"Vanivilas Road, Vanivilas Circle, Basavanagudi, Bengaluru, Karnataka. Pin-560004 (India)"
267.0,12.976662773913043,77.58616824347826,Halasuru Gate,"Palace Road, Gandhi Nagar 1, Gandhi Nagar, Bengaluru, Karnataka. Pin-560001 (India)"
268.0,12.91597505,77.56988645,Banashankari,"9th Main Road, PSTI Quarters, Banashankari Stage 2, Bengaluru, Karnataka. Pin-560078 (India)"
270.0,12.9592882,77.5229864,Byatarayanapura,"4th Cross Road, Jyothi Nagar, Chandra Layout Stage 1, Bengaluru, Karnataka. Pin-560072 (India)"
271.0,13.0390952,77.7400294,K.R. Pura,"Cheemasandra Main Road, Bren Starlight, Virgonagar, Avalahalli South Taluka, Bengaluru, Karnataka. Pin-560049 (India)"
277.0,12.966015725,77.625186525,Halasur,"Cambridge Road, Nanavali Dargah, Agaram, Bengaluru, Karnataka. Pin-560007 (India)"
278.0,12.9063647,77.5797301,J.P. Nagar,"Dr Rajkumar Puniya Bhoomi Road, Saraki Garden, JP Nagar Phase 6, Bengaluru, Karnataka. Pin-560078 (India)"
279.0,12.9278187,77.600452,Mico Layout,"Bannerghatta Main Road, Sagar Apollo Junction, Sadduguntepalya, Bengaluru, Karnataka. Pin-560029 (India)"
280.0,12.9782935,77.5436533,Vijayanagara,"G Narayana Kumar Road, Jai Maniurao Circle, Vijaya Nagar, Bengaluru, Karnataka. Pin-560040 (India)"
283.0,13.002189166666668,77.67950313333334,K.R. Pura,"MBT Road, ITI Data Center, Dooravani Nagar, Bengaluru, Karnataka. Pin-560016 (India)"
286.0,13.0757816,77.5904347,Yelahanka,"1st Main Road, Century Horizon, Yashoda Nagar, Yelahanka, Bengaluru, Karnataka. Pin-560065 (India)"
287.0,13.089894999999999,77.596384125,Yelahanka,"Bellary Road, Legacy Cirocco, Jakkuru, Bengaluru, Karnataka. Pin-560064 (India)"
288.0,12.971761796666668,77.60680992666666,Ashok Nagar,"Field Marshal KM Cariappa Road, Brigade Road Junction, Ashok Nagar, Bengaluru, Karnataka. Pin-560025 (India)"
289.0,12.913167300000001,77.55893395000001,K.S. Layout,"Subramanyapura Main Road, Muneshwara Nagar, Padmanabhanagar, Bengaluru, Karnataka. Pin-560070 (India)"
290.0,12.986273766666665,77.64782306666666,Jeevanbheemanagar,"Suranjan Das Road, Byappanahalli Junction, Baiyappanahalli, Bengaluru, Karnataka. Pin-560038 (India)"
291.0,12.953536564285715,77.70046267142857,HAL Old Airport,"Outer Ring Road, Soulspace Paradigm, Marathahalli Village, Marathahalli, Bengaluru, Karnataka. Pin-560037 (India)"
292.0,12.9289423,77.6179915,Adugodi,"1st Cross Road, St Johns National Academy of Health Sciences, John Nagar, Koramangala, Bengaluru, Karnataka. Pin-560034 (India)"
293.0,12.9343033,77.62982579999999,Adugodi,"Srinivagilu Main Road, Maharaja Junction, Koramangala, Bengaluru, Karnataka. Pin-560034 (India)"
295.0,13.041323890000001,77.62205218,Hennuru,"MBT Road, AK Colony, Munivenkatappa Layout, Nagavara, Bengaluru, Karnataka. Pin-560045 (India)"
300.0,13.030281,77.585662,Kodigehalli,"Bellary Road, UAS Campus, Hebbal, Bengaluru, Karnataka. Pin-560024 (India)"
303.0,12.9217342,77.580465,Jayanagara,"38th Cross Road, Block 5, Jayanagar, Bengaluru, Karnataka. Pin-560041 (India)"
305.0,12.953733799999998,77.50063495,Jnanabharathi,"Kengeri Main Road, Jnana Jyothi Nagar, Bengaluru, Karnataka. Pin-560056 (India)"
307.0,12.96001875,77.641558,Halasur,"Domlur Inner Ring Road, ISRO Colony, Domlur, Bengaluru, Karnataka. Pin-560071 (India)"
310.0,13.2572903,77.7127351,Devanahalli Airport,"Devanahalli Bypass, Sri Kanakadasa Circle, Devanahalli, Karnataka. Pin-562110 (India)"
311.0,12.9462817,77.6072168,Adugodi,"Hosur Road, National Institute of Animal Nutrition and Physiology, Adugodi, Bengaluru, Karnataka. Pin-560030 (India)"
316.0,12.901777633333333,77.60115543333335,Mico Layout,"Bannerghatta Main Road, Bilekahalli Junction, Bilekahalli, Bengaluru, Karnataka. Pin-560076 (India)"
317.0,12.982251775,77.59405265,Cubbon Park,"Cubbon Road, Police Thimmaiah Circle, Gandhi Nagar, Bengaluru, Karnataka. Pin-560001 (India)"
319.0,13.095584699999998,77.59461306666667,Yelahanka,"SH 9, Yelahanka Circle, Yelahanka, Bengaluru, Karnataka. Pin-560064 (India)"
320.0,13.0879383,77.5940317,Yelahanka,"Allalasandra Main Road, Legacy Cirocco, Jakkuru, Bengaluru, Karnataka. Pin-560064 (India)"
321.0,12.973148509999998,77.698674906,HAL Old Airport,"Outer Ring Road, Kempalakkamma Layout, Doddanekundi, Bengaluru, Karnataka. Pin-560037 (India)"
323.0,13.125300833333334,77.61245129999999,Yelahanka,"Bengaluru Bellary Road, Uday Nagar, Yelahanka, Bengaluru, Karnataka. Pin-560064 (India)"
324.0,12.967821666666666,77.59151496666667,Halasuru Gate,"1st Cross Road, Bagamane Pallavi Tower, Sampangiram Nagar, Bengaluru, Karnataka. Pin-560027 (India)"
327.0,12.97559542,77.55300661999999,Magadi Road,"80 Feet Ring Road, Prasanna Theatre Circle, Rajaji Nagar, Bengaluru, Karnataka. Pin-560010 (India)"
328.0,12.9875809,77.619241,Pulikeshinagar(F.Town),"Assayee Road, Meanee Avenue Layout, Frazer Town, Bengaluru, Karnataka. Pin-560005 (India)"
330.0,12.940721,77.5737328,Basavanagudi,"KR Main Road, Basavanagudi, Bengaluru, Karnataka. Pin-560004 (India)"
332.0,12.984073892307693,77.64116781538462,Jeevanbheemanagar,"Old Madras Road, New Binnamangla, Indiranagar, Bengaluru, Karnataka. Pin-560038 (India)"
333.0,12.985779475,77.52655437499999,Kamakshipalya,"Magadi Main Road, Kempaiah Estate, Kamakshipalya, Bengaluru, Karnataka. Pin-560079 (India)"
337.0,13.0471107,77.50117798888888,Peenya,"Mumbai Bengaluru Highway, Sobha Garrison, Nagasandra, Bengaluru, Karnataka. Pin-560073 (India)"
338.0,12.9560094,77.7279445,Whitefield,"HAL Airport Road, Parimala Sunridge, Siddapura, Bengaluru, Karnataka. Pin-560066 (India)"
339.0,12.8883535,77.5620501,Thalagattapura,"Konanakunte Main Road, Gopalan Jewels, Siddanna Layout, Bikaspura, Bengaluru, Karnataka. Pin-560062 (India)"
342.0,13.1312897,77.615127,Yelahanka,"Bengaluru Bellary Road, Ecopolis, Yelahanka, Bengaluru, Karnataka. Pin-560063 (India)"
343.0,13.0454625,77.5020864,Peenya,"Nagasandra Layout Main Road, Arvind Oasis, Nagasandra, Bengaluru, Karnataka. Pin-560073 (India)"
344.0,12.996133366666667,77.59596093333333,R.T. Nagar,"Jayamahal Main Road, Joynagar, Jayamahal, Bengaluru, Karnataka. Pin-560006 (India)"
346.0,13.044785,77.6266483,Hennuru,"Thanisandra Main Road, MSR North City, Nagavara, Bengaluru, Karnataka. Pin-560077 (India)"
347.0,12.9796714,77.58155719999999,Upparpet,"Seshadri Road, Railway Officers Enclave, Gandhi Nagar, Bengaluru, Karnataka. Pin-560009 (India)"
348.0,13.00360015,77.7570214,Mahadevapura,"Whitefield Main Road, Sai Colony, Kadugodi, Bengaluru, Karnataka. Pin-560067 (India)"
349.0,12.9775418,77.5742287,Upparpet,"Major T Ramachandrappa Road, RK Puram, Gandhi Nagar, Bengaluru, Karnataka. Pin-560009 (India)"
351.0,12.9011982,77.5443666,K.S. Layout,"Subramanyapura Main Road, Muniswamy Naidu Layout, Uttarahalli, Bengaluru, Karnataka. Pin-560061 (India)"
352.0,12.971497,77.6581488,Jeevanbheemanagar,"Pusa Thippasandra Main Road, Nada Prabhu Kempegowda Circle, New Thippasandra, Bengaluru, Karnataka. Pin-560075 (India)"
354.0,12.955440888888889,77.59195154444444,Wilson Garden,"KH Road, BMTC Junction, Wilson Garden, Bengaluru, Karnataka. Pin-560027 (India)"
357.0,12.95808605,77.60603865,Ashok Nagar,"Hosur Road, Police Quarters, B&C Colony, Shanti Nagar, Bengaluru, Karnataka. Pin-560025 (India)"
360.0,13.0167508,77.7036194,K.R. Pura,"MBT Road, Jai Bhuvaneshwari Layout, KR Puram, Bengaluru, Karnataka. Pin-560036 (India)"
363.0,12.955797266666666,77.71726055666666,Whitefield,"HAL Airport Road, DSR Vertex Apex, Thubarahalli, Bengaluru, Karnataka. Pin-560066 (India)"
365.0,13.020905249999998,77.71120325000001,K.R. Pura,"MBT Road, Pride Euphora, Hosabasavanapura, KR Puram, Bengaluru, Karnataka. Pin-560049 (India)"
366.0,13.190604299999999,77.6457613,Chikkajala,"Bengaluru Bellary Road, Sadahalli Gate Junction, Navarathna Agrahara, Bengaluru, Karnataka. Pin-562157 (India)"
367.0,12.9774516,77.580309,Upparpet,"1st Main Road, Jakkarayana Kere, Gandhi Nagar, Bengaluru, Karnataka. Pin-560009 (India)"
368.0,13.08474659090909,77.5940453090909,Yelahanka,"Bellary Road, Legacy Cirocco, Jakkuru, Bengaluru, Karnataka. Pin-560064 (India)"
369.0,12.9873868,77.4925369,Kamakshipalya,"Magadi Main Road, Herohalli Cross, Madeshwara Nagar, Bengaluru, Karnataka. Pin-560091 (India)"
372.0,12.986746155555556,77.57986427777777,High ground,"Kumar Krupa Road, Dr Hardikar Circle, Seshadripuram, Bengaluru, Karnataka. Pin-560001 (India)"
374.0,12.901769,77.7072031,Whitefield,"Sarjapura Main Road, Suncity Gloria, Carmelaram, Bengaluru, Karnataka. Pin-560035 (India)"
375.0,12.9842607,77.6002114,Shivajinagar,"Casuarina Street, Balappa Garden, Shivaji Nagar, Bengaluru, Karnataka. Pin-560051 (India)"
379.0,12.890117620000002,77.56406770000001,K.S. Layout,"Amruth Nagar Main Road, Konanakunte Junction, Konanakunte, Bengaluru, Karnataka. Pin-560062 (India)"
380.0,12.99556235,77.55064775,Vijayanagara,"Chord Road, Basava Mantapa Circle, Rajaji Nagar, Bengaluru, Karnataka. Pin-560010 (India)"
383.0,12.95960345,77.70136554999999,HAL Old Airport,"Marathahalli Underpass, Ramanjaneya Layout, Marathahalli, Bengaluru, Karnataka. Pin-560037 (India)"
384.0,12.92528333,77.55012259142858,Banashankari,"Dr Rajkumar Puniya Bhoomi Road, Block 6, Banashankari Stage 3, Bengaluru, Karnataka. Pin-560085 (India)"
385.0,13.0036733,77.6631733,Banaswadi,"MBT Road, Vedantha, Kamalamma Layout, Dooravani Nagar, Bengaluru, Karnataka. Pin-560016 (India)"
386.0,13.051243,77.5079024,Chikkabanavara,"Hesaraghatta Main Road, Bhuvaneshwari Nagar, T Dasarahalli, Bengaluru, Karnataka. Pin-560057 (India)"
387.0,12.9163992,77.6343214,HSR Layout,"Outer Ring Road, Sai Nandana Residency, Teachers Colony, Koramangala, Bengaluru, Karnataka. Pin-560034 (India)"
388.0,13.009780849999999,77.50590919999999,Peenya,"1st Cross Road, M Ramaiah Layout, Stage 2, Peenya, Bengaluru, Karnataka. Pin-560058 (India)"
390.0,13.021643666666668,77.5325006,Rajajinagar,"Dr Rajkumar Puniya Bhoomi Road, FTI Junction, Nandini Layout, Bengaluru, Karnataka. Pin-560096 (India)"
391.0,12.976413059999999,77.59898416,Cubbon Park,"Kasturba Road, Mahatma Gandhi Circle, Shivaji Nagar, Bengaluru, Karnataka. Pin-560001 (India)"
393.0,12.962834535714284,77.59503626428571,Halasuru Gate,"Lal Bagh Road, Ashirwadam Junction, Shanti Nagar, Bengaluru, Karnataka. Pin-560027 (India)"
396.0,12.9330433,77.6117417,Madiwala,"Hosur Road, Salarpuria Tower, Adugodi, Bengaluru, Karnataka. Pin-560095 (India)"
397.0,13.019891766666667,77.65278413333333,Banaswadi,"5th A Cross Road, CMR Colony, Babusapalya, Bengaluru, Karnataka. Pin-560043 (India)"
399.0,12.9840583,77.5490758,Magadi Road,"Chord Road, Pride Pavilion Stage 1 Phase 6, Sri Mahaganapathi Nagar, Rajaji Nagar, Bengaluru, Karnataka. Pin-560010 (India)"
400.0,12.929174249999999,77.61603875,Adugodi,"Hosur Road, Sarjapur Road Check Post Junction, Koramangala, Bengaluru, Karnataka. Pin-560034 (India)"
401.0,13.0702135,77.5650728,Yelahanka,"Thindlu Main Road, Thindlu, Bengaluru, Karnataka. Pin-560097 (India)"
402.0,12.974047466666667,77.6109545,Ashok Nagar,"Mahatma Gandhi Road, Mayo Hall Junction, Sivanchetti Gardens, Bengaluru, Karnataka. Pin-560042 (India)"
403.0,12.91613465,77.63281965,HSR Layout,"13th Cross Road, Sector 6, HSR Layout, Bengaluru, Karnataka. Pin-560102 (India)"
406.0,12.898813933333335,77.60052816666666,Mico Layout,"Bannerghatta Main Road, Bilekahalli Layout, Bilekahalli, Bengaluru, Karnataka. Pin-560076 (India)"
407.0,12.966759533333333,77.59505048333334,Halasuru Gate,"Raja Ram Mohan Roy Road, SKAV 909, Shanthala Nagar, Bengaluru, Karnataka. Pin-560001 (India)"
409.0,12.93543875,77.6918627,HAL Old Airport,"Outer Ring Road, Rajiv Nagar, Kadubisanahalli, Bengaluru, Karnataka. Pin-560103 (India)"
410.0,13.19304,77.6503512,Chikkajala,"Sadahalli Toll Plaza, Sadahalli Gate Junction, Navarathna Agrahara, Bengaluru, Karnataka. Pin-562157 (India)"
414.0,12.982244399999999,77.56703735,Sheshadripuram,"Old Mysore Road, Platform Road Junction, Sevashrama, Bengaluru, Karnataka. Pin-560023 (India)"
415.0,12.957054,77.567463,V.V.Puram (C.Pet),"Bull Temple Road, Chamrajpet 5th Main Junction, Chamarajpet, Bengaluru, Karnataka. Pin-560018 (India)"
419.0,13.029339883333334,77.63119918333334,K.G. Halli,"MBT Road, Grace Town, HBR Layout, Bengaluru, Karnataka. Pin-560043 (India)"
425.0,12.9665363,77.5443086,Vijayanagara,"1st A Main Road, Binny Layout, Vijaya Nagar Stage 2, Bengaluru, Karnataka. Pin-560040 (India)"
426.0,13.0209014,77.5287807,Rajajinagar,"100 Feet Road, Kanteerava Studio Circle, Bengaluru, Karnataka. Pin-560096 (India)"
428.0,13.023860399999998,77.71627389999999,K.R. Pura,"MBT Road, MC Sarovar Apartment, Sidhappa Layout, KR Puram, Bengaluru, Karnataka. Pin-560049 (India)"
432.0,12.8980183,77.626445,Madiwala,"Begur Main Road, Krishna Reddy Layout, Hongasandra, Bengaluru, Karnataka. Pin-560068 (India)"
434.0,13.013191658333334,77.69962642166666,K.R. Pura,"MBT Road, KR Puram Extension, Bengaluru, Karnataka. Pin-560036 (India)"
437.0,12.984652966666665,77.5723629,Sheshadripuram,"BTS Bus Station Road, Old Mysore Road Junction, Seshadripuram, Bengaluru, Karnataka. Pin-560023 (India)"
438.0,12.956139725,77.694149,HAL Old Airport,"HAL Airport Road, Manjunatha Nagar, Marathahalli, Bengaluru, Karnataka. Pin-560037 (India)"
440.0,12.9709641,77.6051356,Ashok Nagar,"Field Marshal KM Cariappa Road, Professor Asirvadam Circle, Richmond Town, Bengaluru, Karnataka. Pin-560025 (India)"
441.0,13.0000768,77.5996972,R.T. Nagar,"VP Deenadayalu Naidu Road, Binny Crescent Apartments, Benson Town, Bengaluru, Karnataka. Pin-560046 (India)"
443.0,12.8860621,77.641471,Hulimavu,"Hosur Road, Ramaiah Reddy Layout, Singasandra, Bengaluru, Karnataka. Pin-560068 (India)"
444.0,12.934605375,77.609804275,Madiwala,"Hosur Road, Bhuvanappa Layout, Sadduguntepalya, Bengaluru, Karnataka. Pin-560029 (India)"
445.0,12.890167966666667,77.59804756666666,Mico Layout,"Bannerghatta Main Road, Arekere Gate Junction, Arakere, Bengaluru, Karnataka. Pin-560076 (India)"
447.0,12.9857398,77.479266,Kamakshipalya,"Magadi Main Road, Byadrahalli, Bengaluru, Karnataka. Pin-560091 (India)"
449.0,13.1816817,77.6939433,Chikkajala,"SH 104, Mylanahalli, Bengaluru, Karnataka. Pin-562149 (India)"
450.0,13.1090517,77.580184,Yelahanka,"Doddaballapur Main Road, Pavani Residency, Yelahanka, Bengaluru, Karnataka. Pin-560064 (India)"
451.0,12.95713835,77.56971817,V.V.Puram (C.Pet),"5th Main Road, Shri Ma Ramamurthy Circle, Basavanagudi, Bengaluru, Karnataka. Pin-560004 (India)"
452.0,12.9786434,77.51536645,Jnanabharathi,"11th Cross Road, Malagala Layout, Nagarbhavi Stage 2, Bengaluru, Karnataka. Pin-560072 (India)"
454.0,12.9423002,77.6026128,Adugodi,"Bannerghatta Main Road, Gupta Layout, Lakkasandra, Bengaluru, Karnataka. Pin-560030 (India)"
455.0,12.98066,77.5973363,Cubbon Park,"Queens Road, Coffee Board Junction, Vasant Nagar, Bengaluru, Karnataka. Pin-560001 (India)"
460.0,13.0663358,77.6406856,Hennuru,"K Narayanapura Main Road, Gowdas Sri A Hanumanthagowda Circle, Kothnur Narayanapura, Bengaluru, Karnataka. Pin-560077 (India)"
462.0,12.8743224,77.5410921,Thalagattapura,"Konanakunte Main Road, Hosahalli South Taluka, Bengaluru, Karnataka. Pin-560109 (India)"
463.0,13.0098119,77.5710695,Sadashivanagar,"Sankey Road, Gokak Chaluvali Smaranartha Circle, Malleshwaram West, Bengaluru, Karnataka. Pin-560055 (India)"
464.0,13.025746,77.5210641,Peenya,"100 Feet Road, SBM Circle, Peenya, Bengaluru, Karnataka. Pin-560058 (India)"
465.0,12.98001925,77.59278470000001,Cubbon Park,"Dr Ambedkar Road, Police Thimmaiah Circle, Gandhi Nagar, Bengaluru, Karnataka. Pin-560001 (India)"
469.0,12.951808833333333,77.59014546666667,Wilson Garden,"Hosur Road, Kengal Hanumanthaiah Circle, Wilson Garden, Bengaluru, Karnataka. Pin-560027 (India)"
471.0,13.03328845,77.5409935,Yeshwanthpura,"Outer Ring Road, Jain Heights Revanta, Yeshwanthpur, Bengaluru, Karnataka. Pin-560022 (India)"
472.0,13.106664199999999,77.60158507142856,Yelahanka,"Bellary Road, Krishnaja Avenue, Maruthi Nagar, Palanahalli, Bengaluru, Karnataka. Pin-560064 (India)"
473.0,12.9568439,77.6751699,HAL Old Airport,"Old Airport Road, Airport Area, Bengaluru, Karnataka. Pin-560017 (India)"
474.0,13.1209019,77.5763685,Yelahanka,"Doddaballapur Main Road, Veracious Vani Vilas, Residential Quarters, Yelahanka, Bengaluru, Karnataka. Pin-560064 (India)"
475.0,12.98321975,77.53057195,Kamakshipalya,"5th Main Road, Asthagrama New Extension, Kamakshipalya, Bengaluru, Karnataka. Pin-560079 (India)"
477.0,12.93162625,77.68688159999999,HAL Old Airport,"Outer Ring Road, Vajram Onyx, Devara Beesana Halli, Bengaluru, Karnataka. Pin-560103 (India)"
479.0,13.0005948,77.6200809,Pulikeshinagar(F.Town),"Pottery Road, Pottery Road CHS, Cooke Town, Bengaluru, Karnataka. Pin-560005 (India)"
480.0,12.9879048,77.7338598,Mahadevapura,"Whitefield Road, Sadaramangala Industrial Area, Whitefield, Bengaluru, Karnataka. Pin-560066 (India)"
481.0,12.94258936,77.69743989999999,HAL Old Airport,"Outer Ring Road, SLS Serenity Apartment, Reddy Layout, Kadubisanahalli, Bengaluru, Karnataka. Pin-560103 (India)"
484.0,13.020861806666666,77.55209934,Yeshwanthpura,"Mumbai Bengaluru Highway, Aparna Elina, Yeshwanthpur, Bengaluru, Karnataka. Pin-560022 (India)"
485.0,13.0539229,77.5309493,Jalahalli,"SM Road, Subroto Enclave, Jalahalli West, Bengaluru, Karnataka. Pin-560015 (India)"
488.0,12.922481025,77.6692153,Bellandur,"Outer Ring Road, Sobha Hibiscus, Bellandur, Bengaluru, Karnataka. Pin-560103 (India)"
489.0,13.04365055,77.60256795000001,Hebbala,"MBT Road, Yogesh Nagar, Hebbal Kempapura, Bengaluru, Karnataka. Pin-560024 (India)"
492.0,12.990181100000001,77.58864845,High ground,"Palace Loop Cross Road, Kalpana Circle, Vasant Nagar, Bengaluru, Karnataka. Pin-560001 (India)"
496.0,12.9566317,77.7090983,HAL Old Airport,"Marathahalli Bridge Service Road, Purva Riviera, Marathahalli, Bengaluru, Karnataka. Pin-560037 (India)"
498.0,13.0052863,77.6851501,K.R. Pura,"MBT Road, SM Layout, Dooravani Nagar, Bengaluru, Karnataka. Pin-560016 (India)"
499.0,13.102164766666666,77.58635163333334,Yelahanka,"Dodda Ballapur Main Road, East Colony, Yelahanka, Bengaluru, Karnataka. Pin-560064 (India)"
500.0,13.176439133333332,77.63604303333334,Chikkajala,"1st Main Road, Chikkajala, Bengaluru, Karnataka. Pin-562157 (India)"
502.0,13.053986660000001,77.6463837,Hennuru,"Hennur Main Road, Atel Munishamappa Garden, Narayanpura, Kothnur Narayanapura, Bengaluru, Karnataka. Pin-560077 (India)"
503.0,12.97526775,77.6069549,Cubbon Park,"Mahatma Gandhi Road, Cauvery Junction, Shanthala Nagar, Bengaluru, Karnataka. Pin-560001 (India)"
504.0,13.09973645,77.588852,Yelahanka,"16th A Main Road, East Colony, Yelahanka, Bengaluru, Karnataka. Pin-560064 (India)"
505.0,12.9240053,77.6726147,Bellandur,"Outer Ring Road, Kristal Jade, Bellandur, Bengaluru, Karnataka. Pin-560103 (India)"
506.0,12.93802135,77.55726585,Basavanagudi,"10th Main Road, Sri Srinivasa Nagar Circle, Banashankari Stage 1, Bengaluru, Karnataka. Pin-560050 (India)"
508.0,13.0002572,77.6109204,Pulikeshinagar(F.Town),"Netaji Road, Sri Ramakrishnappa Circle, Frazer Town, Bengaluru, Karnataka. Pin-560005 (India)"
510.0,13.0236136,77.599707,R.T. Nagar,"Dinnur Main Road, White House Apartment, RT Nagar, Bengaluru, Karnataka. Pin-560032 (India)"
511.0,12.9750333,77.5855417,Halasuru Gate,"Dr Ambedkar Road, Gandhi Nagar, Bengaluru, Karnataka. Pin-560001 (India)"
513.0,13.02650145,77.7208116,K.R. Pura,"MBT Road, Kodandaram, Medahalli, Bengaluru, Karnataka. Pin-560049 (India)"
519.0,12.988124466666667,77.57742303333333,Sheshadripuram,"Harekrishna Road, Tele Communication Employees Cooperative Society Layout, Seshadripuram, Bengaluru, Karnataka. Pin-560020 (India)"
521.0,12.9098753,77.54994617,K.S. Layout,"Uttarahalli Main Road, VVR Supreme Residency, Chikkalsandra, Bengaluru, Karnataka. Pin-560061 (India)"
523.0,13.08046535,77.5928894,Yelahanka,"Bellary Road, NCC Urban Windsor, Yashoda Nagar, Yelahanka, Bengaluru, Karnataka. Pin-560065 (India)"
524.0,13.0041761,77.5537173,Malleshwaram,"80 Feet Ring Road, Dr Rajkumar Road 10th Cross Junction, Rajaji Nagar, Bengaluru, Karnataka. Pin-560010 (India)"
525.0,13.0514702,77.5942456,Hebbala,"Bellary Road, Kirloskar Business Park, Hebbal Kempapura, Bengaluru, Karnataka. Pin-560024 (India)"
526.0,12.927666799999999,77.62098466666667,Adugodi,"Domlur Inner Ring Road, Koramangala Water Tank Junction, Koramangala, Bengaluru, Karnataka. Pin-560034 (India)"
528.0,12.965429366666667,77.61757523333334,Halasur,"Lower Agaram Road, Lower Agaram Junction, Victoria Layout, Bengaluru, Karnataka. Pin-560047 (India)"
529.0,13.0292483,77.5709898,Sadashivanagar,"Padmasri CK Venkata Ramaiah Road, RMV Stage 2, Bengaluru, Karnataka. Pin-560094 (India)"
530.0,12.9077387,77.5857106,J.P. Nagar,"24th Main Road, Jeevan Surabhi Flats, Jeevan Sathi Colony, JP Nagar Phase 1, Bengaluru, Karnataka. Pin-560078 (India)"
531.0,13.0429853,77.5121761,Peenya,"Mumbai Bengaluru Highway, T Dasarahalli, Bengaluru, Karnataka. Pin-560057 (India)"
535.0,12.9320791,77.5414884,Banashankari,"Dr Rajkumar Puniya Bhoomi Road, Phase 2 Block 7, Hosakerehalli, Banashankari Stage 3, Bengaluru, Karnataka. Pin-560085 (India)"
538.0,13.0357448,77.7353443,K.R. Pura,"Rampura Main Road, Avalahalli South Taluka, Bengaluru, Karnataka. Pin-560049 (India)"
540.0,13.1834435,77.6797495,Chikkajala,"Unnamed Road, Jagajothi Nagar, Muthugada Halli, Bengaluru, Karnataka. Pin-562157 (India)"
542.0,13.03637945,77.5248263,Peenya,"Mumbai Bengaluru Highway, Sri Muneshwara Industrial Estate, Peenya, Bengaluru, Karnataka. Pin-560058 (India)"
546.0,12.993407333333332,77.59554903333333,High ground,"Millers Road, Chavundaraya Circle, Vasant Nagar, Bengaluru, Karnataka. Pin-560001 (India)"
547.0,13.1007263,77.5822978,Yelahanka,"Yelahanka New Town Main Road, Sector B, Yelahanka New Town, Bengaluru, Karnataka. Pin-560064 (India)"
548.0,13.00764705,77.66239815,Banaswadi,"4th B Cross Road, Jala, Banaswadi, Bengaluru, Karnataka. Pin-560043 (India)"
550.0,13.04625027,77.591725,Hebbala,"Bellary Road, Esteem Mall, Hebbal Kempapura, Bengaluru, Karnataka. Pin-560024 (India)"
553.0,12.912172088333334,77.48542122333333,Kengeri,"2nd Main Road, Madhu Petrol Bunk Junction, Kengeri, Bengaluru, Karnataka. Pin-560059 (India)"
555.0,12.9730365,77.53826140000001,Vijayanagara,"8th Main Road, Govindaraja Nagara Circle, Vijaya Nagar, Bengaluru, Karnataka. Pin-560040 (India)"
556.0,13.0031856,77.6817413,K.R. Pura,"MBT Road, ITI Data Center, Dooravani Nagar, Bengaluru, Karnataka. Pin-560016 (India)"
557.0,12.9938878,77.5891555,High ground,"Palace Road, Kumar Park, Vasant Nagar, Bengaluru, Karnataka. Pin-560001 (India)"
559.0,12.912232525,77.5672125,K.S. Layout,"Kadirenahalli Cross Road, Eshwara Nagar, Banashankari Stage 2, Bengaluru, Karnataka. Pin-560078 (India)"
561.0,13.01378415,77.6621183,Banaswadi,"MBT Road, Keerthi Royal, Oble Reddy Layout, Banaswadi, Bengaluru, Karnataka. Pin-560043 (India)"
563.0,12.958236,77.57410707142857,V.V.Puram (C.Pet),"KR Main Road, Bangalore Medical College & Research Institute, Bengaluru, Karnataka. Pin-560002 (India)"
566.0,12.973232066666666,77.5130871,Jnanabharathi,"Dr Rajkumar Puniya Bhoomi Road, Nagarbhavi Stage 2, Bengaluru, Karnataka. Pin-560072 (India)"
567.0,12.95372239,77.57679302,V.V.Puram (C.Pet),"Sajjan Rao Road, VV Puram, Bengaluru, Karnataka. Pin-560004 (India)"
568.0,12.9215568,77.56018569999999,Banashankari,"MK Puttalingaiah Main Road, Kittur Rani Chennamma Circle, Banashankari Stage 3, Bengaluru, Karnataka. Pin-560085 (India)"
569.0,13.01680446,77.66078836,Banaswadi,"MBT Road, Vijaya Bank Colony, Banaswadi, Bengaluru, Karnataka. Pin-560043 (India)"
570.0,12.987938,77.57419515000001,Sheshadripuram,"Padmabhushan Dr RK Srikantan Road, Seshadripuram Police Station Junction, Seshadripuram, Bengaluru, Karnataka. Pin-560020 (India)"
573.0,13.0166851,77.5590135,Yeshwanthpura,"Canara Union Road, Embassy Heritage Apartment, Malleshwaram West, Bengaluru, Karnataka. Pin-560055 (India)"
575.0,12.90677428,77.5458696175,K.S. Layout,"Subramanyapura Main Road, Veerabhadra Layout, Uttarahalli, Bengaluru, Karnataka. Pin-560061 (India)"
576.0,13.0312086,77.5244957,Peenya,"5th Cross Road, Industrial Area Stage 1, Peenya, Bengaluru, Karnataka. Pin-560058 (India)"
578.0,12.9289557,77.5677555,Banashankari,"9th Main Road, Siddanna Layout, Banashankari Stage 2, Bengaluru, Karnataka. Pin-560070 (India)"
582.0,12.93119625,77.580105675,Jayanagara,"25th Cross Road, 22nd Cross 4th Main Road Circle, Jayanagar, Bengaluru, Karnataka. Pin-560011 (India)"
584.0,12.9955903,77.6166919,Pulikeshinagar(F.Town),"Wheeler Road, Sindhi Colony, Cox Town, Bengaluru, Karnataka. Pin-560005 (India)"
586.0,13.0246963,77.5470577,Yeshwanthpura,"Mumbai Bengaluru Highway, Yeshwanthpur, Bengaluru, Karnataka. Pin-560022 (India)"
587.0,12.9740227,77.57890904285715,Upparpet,"Kempegowda Road, Kempegowda Extension, Chickpete, Bengaluru, Karnataka. Pin-560009 (India)"
589.0,12.961391966666667,77.58405916666668,Halasuru Gate,"Model Road, Kumbaragundi, Kalasipalyam, Bengaluru, Karnataka. Pin-560002 (India)"
591.0,12.963106425,77.566902225,Chamarajpet,"BGS Flyover, Anandpuram, Chamarajpet, Bengaluru, Karnataka. Pin-560018 (India)"
593.0,13.04359555,77.6048625,Hebbala,"MBT Road, New Layout, RT Nagar Post, Bengaluru, Karnataka. Pin-560032 (India)"
595.0,12.9434576,77.5778043,Basavanagudi,"Church Road, Madhav Rao Circle, Basavanagudi, Bengaluru, Karnataka. Pin-560004 (India)"
597.0,12.8394,77.65426,Electronic City,"Neeladri Road, Concorde Cuppertino, Phase 1, Electronic City, Bengaluru, Karnataka. Pin-560100 (India)"
601.0,13.0008671,77.5713369,Malleshwaram,"Sri Venkataranga Ayangar Road, Acharya Sri Ramanuja Circle, Malleshwaram, Bengaluru, Karnataka. Pin-560003 (India)"
603.0,13.14064616,77.61753042000001,Chikkajala,"Bengaluru Bellary Road, Hunasamaranahalli, Bengaluru, Karnataka. Pin-562157 (India)"
604.0,12.87933956,77.64620876000001,Electronic City,"Electronics City Flyover, HAL Layout, Bengaluru, Karnataka. Pin-560068 (India)"
607.0,12.977232366666668,77.60877603333334,Shivajinagar,"Cubbon Road, Tyagi Henagalavarayan Junction, Sivanchetti Gardens, Bengaluru, Karnataka. Pin-560042 (India)"
608.0,13.0514402,77.5391192,Jalahalli,"H Mount Estate Road, Prestige Kensington Gardens, HMT Industrial Estate, Jalahalli, Bengaluru, Karnataka. Pin-560013 (India)"
609.0,13.0852483,77.5535017,Yelahanka,"Yelahanka Road, Stage 1, Aditya Nagar, Chikkabettahalli, Bengaluru, Karnataka. Pin-560097 (India)"
610.0,12.914812300000001,77.5998945,Mico Layout,"Bannerghatta Main Road, Gopalan Innovation Mall, JP Nagar Phase 3, Bengaluru, Karnataka. Pin-560078 (India)"
611.0,12.916855720000001,77.67343321,Bellandur,"Sarjapura Main Road, Divyasree Elan Homes, Bellandur, Bengaluru, Karnataka. Pin-560103 (India)"
612.0,12.997966196666667,77.66350613,Banaswadi,"1st Main Road, Rajeev Nagar, Banaswadi, Bengaluru, Karnataka. Pin-560043 (India)"
617.0,12.97512525,77.61996235000001,Halasur,"Murphy Road, Begum Mahal Junction, Halasuru, Bengaluru, Karnataka. Pin-560008 (India)"
620.0,12.8838862,77.6434895,Electronic City,"Hosur Road, Ramaiah Reddy Layout, Singasandra, Bengaluru, Karnataka. Pin-560068 (India)"
621.0,13.14276,77.6177623,Chikkajala,"Bengaluru Bellary Road, Hunasamaranahalli, Bengaluru, Karnataka. Pin-562157 (India)"
622.0,13.0462281,77.6027534,Hebbala,"5th Cross Road, Prestige Misty Waters, Hebbal Kempapura, Bengaluru, Karnataka. Pin-560024 (India)"
625.0,12.928875133333333,77.58620313333333,Jayanagara,"30th Cross Road, Jayanagar, Bengaluru, Karnataka. Pin-560011 (India)"
626.0,13.012206566666668,77.5691723,Sadashivanagar,"CV Raman Circle, CV Raman Circle, Indian Institute of Science, Bengaluru, Karnataka. Pin-560012 (India)"
627.0,12.9852233,77.4846533,Kamakshipalya,"Magadi Main Road, Apanapa Layout, Byadrahalli, Bengaluru, Karnataka. Pin-560091 (India)"
630.0,12.988623575,77.47266350000001,Kamakshipalya,"Magadi Main Road, Dodda Gollarahatti, Bengaluru, Karnataka. Pin-560091 (India)"
631.0,13.0614137,77.57621855,Kodigehalli,"Tindlu Road, Dasappa Layout, Sahakara Nagar, Bengaluru, Karnataka. Pin-560092 (India)"
633.0,12.986025,77.48836,Kamakshipalya,"Muddayanapalya Road, Gaddekhani, Anjana Nagar, Herohalli, Bengaluru, Karnataka. Pin-560091 (India)"
635.0,12.960686500000001,77.7475409,Whitefield,"Hagadur Main Road, Carmel Heights, Whitefield, Bengaluru, Karnataka. Pin-560066 (India)"
636.0,13.043408849999999,77.60787435,Hebbala,"MBT Road, SNN Clermont, Hebbal Kempapura, Bengaluru, Karnataka. Pin-560024 (India)"
637.0,12.8542041,77.664314,Electronic City,"4th Main Road, Nanjuda Reddy Layout, Phase 1, Electronic City, Bengaluru, Karnataka. Pin-560100 (India)"
638.0,13.019253466666667,77.53197913333334,Rajajinagar,"Dr Rajkumar Puniya Bhoomi Road, Block 1, Nandini Layout, Bengaluru, Karnataka. Pin-560096 (India)"
644.0,12.93649805,77.606325,Mico Layout,"Hosur Road, Bren Optimus, Dairy Colony, Adugodi, Bengaluru, Karnataka. Pin-560029 (India)"
652.0,12.987135225,77.5722898,Sheshadripuram,"Deena Seva Sangh Road, RV Shetty Layout, Seshadripuram, Bengaluru, Karnataka. Pin-560020 (India)"
653.0,12.993005133333334,77.57145166666668,Sheshadripuram,"Sri Venkataranga Iyengar Road, Mill Corner Junction, Seshadripuram, Bengaluru, Karnataka. Pin-560020 (India)"
654.0,12.9758096,77.6135061,Shivajinagar,"Cubbon Road, Dickenson Road Junction, Sivanchetti Gardens, Bengaluru, Karnataka. Pin-560042 (India)"
658.0,13.0426282,77.6108847,Hebbala,"MBT Road, SNN Clermont, Hebbal Kempapura, Bengaluru, Karnataka. Pin-560024 (India)"
659.0,12.8304088,77.6810331,Electronic City,"Hosur Road, Mahendra Aarya Homes, Ananath Nagar Phase 1, Kammasandra Anekal Taluka, Bengaluru, Karnataka. Pin-560100 (India)"
660.0,13.0395613,77.62392095333333,K.G. Halli,"Nagawara Main Road, Chanukya Layout, Nagavara Village, Nagavara, Bengaluru, Karnataka. Pin-560045 (India)"
661.0,12.91395725,77.56728687500001,Banashankari,"Subramanyapura Main Road, Teachers Colony, Banashankari Stage 2, Bengaluru, Karnataka. Pin-560070 (India)"
666.0,12.9994689,77.54096200000001,Vijayanagara,"Kurubarahalli Main Road, Shankarmata Circle, Basaveshwara Nagar, Bengaluru, Karnataka. Pin-560086 (India)"
671.0,13.048748,77.5492821,Jalahalli,"HMT Main Road, Kempe Gowda HMT Estate, Jalahalli Village, Jalahalli, Bengaluru, Karnataka. Pin-560013 (India)"
674.0,13.0449557,77.7482787,K.R. Pura,"MBT Road, Salarpuria Sattva East Crest, Konadasapura, Bengaluru, Karnataka. Pin-560049 (India)"
675.0,13.0046931,77.6360591,Banaswadi,"Kammanahalli Main Road, Seva Nagar, New Lingarajapuram, Bengaluru, Karnataka. Pin-560033 (India)"
676.0,13.004089,77.6194467,Pulikeshinagar(F.Town),"Davis Road, Lazar Layout, Cooke Town, Bengaluru, Karnataka. Pin-560005 (India)"
677.0,13.0595733,77.5594,Yelahanka,"Doddabommasandra Main Road, Peta Siddappa Circle, Dodda Bommasandra, Bengaluru, Karnataka. Pin-560097 (India)"
680.0,12.973265225,77.58148725,Upparpet,"Palace Road, Mysore Bank Circle, Chickpete, Bengaluru, Karnataka. Pin-560009 (India)"
681.0,12.963597133333332,77.58905929999999,Halasuru Gate,"Mission Road, ETO Junction, Kalasipalyam, Bengaluru, Karnataka. Pin-560027 (India)"
682.0,12.9832924,77.60315625,Shivajinagar,"Central Street, Shivaji Nagar, Bengaluru, Karnataka. Pin-560001 (India)"
685.0,12.982838045,77.63742205,Jeevanbheemanagar,"Old Madras Road, BDA Complex, Indiranagar, Bengaluru, Karnataka. Pin-560038 (India)"
687.0,12.992790539999998,77.57452462,Sheshadripuram,"Anjaneya Temple Street, Krishna Block, Malleshwaram, Bengaluru, Karnataka. Pin-560020 (India)"
688.0,12.9116064,77.55303715,K.S. Layout,"Subramanyapura Main Road, Komarla Brigade Residency, Chikkalsandra, Bengaluru, Karnataka. Pin-560061 (India)"
689.0,12.9809837,77.6111124,Shivajinagar,"St John Road, Sri Nagamma Devi Circle, Sivanchetti Gardens, Bengaluru, Karnataka. Pin-560042 (India)"
690.0,12.877076366666666,77.59528326666667,Hulimavu,"Bannerghatta Main Road, Hulimavu, Bengaluru, Karnataka. Pin-560076 (India)"
691.0,13.00129,77.6188442,Pulikeshinagar(F.Town),"Pottery Road, Pottery Road CHS, Cooke Town, Bengaluru, Karnataka. Pin-560005 (India)"
692.0,12.9297671,77.6330898,Adugodi,"80 Feet Road, Block 1, Koramangala, Bengaluru, Karnataka. Pin-560034 (India)"
693.0,12.9767271,77.5139048,Jnanabharathi,"1st Main Road, Puttaiah Block, Nagarbhavi Stage 2, Bengaluru, Karnataka. Pin-560072 (India)"
696.0,12.9823019,77.6333868,Jeevanbheemanagar,"Old Madras Road, Bangalore Metropolitan Transport Corporation Quarters, Hoysala Nagar, Indiranagar, Bengaluru, Karnataka. Pin-560038 (India)"
700.0,13.1330567,77.695735,Chikkajala,"Unnamed Road, Yadiyuru, Bengaluru, Karnataka. Pin-562149 (India)"
706.0,12.9560396,77.6211669,Ashok Nagar,"Lower Agaram Road, Sannenahalli, Viveka Nagar, Bengaluru, Karnataka. Pin-560047 (India)"
710.0,12.8795839,77.5955709,Hulimavu,"Bannerghatta Main Road, Pride Regalia Apartment, Hulimavu, Bengaluru, Karnataka. Pin-560076 (India)"
711.0,13.007098399999999,77.68871353333333,K.R. Pura,"MBT Road, ITI Township, KR Puram, Bengaluru, Karnataka. Pin-560016 (India)"
714.0,12.960167550000001,77.57188655,V.V.Puram (C.Pet),"Pampa Mahakavi Road, TP Kailasam Circle, Chamarajpet, Bengaluru, Karnataka. Pin-560018 (India)"
718.0,12.90665705,77.47326960000001,Kengeri,"Mysore Road, The Arena, Kengeri Satellite Town, Bengaluru, Karnataka. Pin-560060 (India)"
723.0,12.9757466,77.56225155,Magadi Road,"G Narayana Kumar Road, Annapurneshwari Industrial Area, Magadi Road Area, Bengaluru, Karnataka. Pin-560023 (India)"
724.0,12.8925839,77.5999375,Mico Layout,"1st Cross Road, RMZ Futura, Arakere, Bengaluru, Karnataka. Pin-560076 (India)"
727.0,13.0300746,77.5630008,Yeshwanthpura,"MS Ramaiah College Road, MSR Students Enclave, Mathikere Extension, Bengaluru, Karnataka. Pin-560054 (India)"
728.0,13.024011199999999,77.64319253333333,Banaswadi,"5th A Cross Road, HRBR Layout Extension, Kalyan Nagar, Bengaluru, Karnataka. Pin-560043 (India)"
731.0,12.935647,77.6933481,HAL Old Airport,"Embassy Tech Square Main Road, Embassy Tech Square, Kadubisanahalli, Bengaluru, Karnataka. Pin-560103 (India)"
732.0,13.0091574,77.6622936,Banaswadi,"4th Cross Road, Jala, Banaswadi, Bengaluru, Karnataka. Pin-560043 (India)"
733.0,13.11660685,77.5780823,Yelahanka,"Doddaballapur Main Road, Isak Layout, Anantapura, Bengaluru, Karnataka. Pin-560064 (India)"
737.0,13.0036663,77.6171413,Pulikeshinagar(F.Town),"Clark Road, Richards Town, Bengaluru, Karnataka. Pin-560005 (India)"
738.0,12.9680089,77.6004777,Ashok Nagar,"Field Marshal KM Cariappa Road, Cash Pharmacy Junction, Richmond Town, Bengaluru, Karnataka. Pin-560025 (India)"
740.0,12.9982847,77.6722483,Banaswadi,"MBT Road, Jyothipuram, Mahadevapura, Bengaluru, Karnataka. Pin-560016 (India)"
741.0,12.937551200000001,77.62739603333334,Adugodi,"Domlur Inner Ring Road, Sony World Junction, Koramangala, Bengaluru, Karnataka. Pin-560034 (India)"
743.0,13.0642359,77.4548054,Chikkabanavara,"Mumbai Bengaluru Highway, Makali, Bengaluru, Karnataka. Pin-562162 (India)"
747.0,12.9875246,77.4751746,Kamakshipalya,"Magadi Main Road, Dodda Gollarahatti, Bengaluru, Karnataka. Pin-560091 (India)"
748.0,13.1340883,77.616595,Yelahanka,"Bengaluru Bellary Road, Bharthi Nagar, Hunasamaranahalli, Bengaluru, Karnataka. Pin-562157 (India)"
753.0,13.1188317,77.577265,Yelahanka,"Doddaballapur Main Road, NCC Urban Mayfair, Anantapura, Bengaluru, Karnataka. Pin-560064 (India)"
754.0,13.056720733333334,77.54669521666666,Jalahalli,"Rajatha Bhavana Road, Gangamma Circle, Ramchandrapura, Bengaluru, Karnataka. Pin-560013 (India)"
755.0,12.9884265,77.6894444,Mahadevapura,"Outer Ring Road, Durga Rainbow, Mahadevapura, Bengaluru, Karnataka. Pin-560048 (India)"
758.0,12.923516,77.58024845,Jayanagara,"4th Main Road, Shri Satya Sai Circle, Jayanagar, Bengaluru, Karnataka. Pin-560041 (India)"
759.0,12.91685245,77.59742705,Jayanagara,"East End A Main Road, Dr BR Ambedkar Circle, Jayanagar, Bengaluru, Karnataka. Pin-560069 (India)"
760.0,12.95566159,77.72065301,Whitefield,"HAL Airport Road, Thubarahalli, Bengaluru, Karnataka. Pin-560066 (India)"
761.0,12.92108,77.5734531,Banashankari,"27th Cross Road, Brigade Software Park, Banashankari Stage 2, Bengaluru, Karnataka. Pin-560070 (India)"
763.0,13.147734,77.6187076,Chikkajala,"Bengaluru Bellary Road, Farah Seven, Sri Rajarajeshwari Nagar, Hunasamaranahalli, Bengaluru, Karnataka. Pin-562157 (India)"
764.0,12.988251105,77.55001641000001,Vijayanagara,"Chord Road, Dhobi Ghat Junction, Rajaji Nagar, Bengaluru, Karnataka. Pin-560010 (India)"
769.0,12.9765795,77.611037,Shivajinagar,"Cubbon Road, Mayo Hall Junction, Sivanchetti Gardens, Bengaluru, Karnataka. Pin-560042 (India)"
775.0,13.056078,77.6329093,Hennuru,"Thanisandra Main Road, Thanisandra Circle, Thanisandra, Bengaluru, Karnataka. Pin-560077 (India)"
776.0,12.9559471,77.7290451,Whitefield,"HAL Airport Road, Parimala Sunridge, Siddapura, Bengaluru, Karnataka. Pin-560066 (India)"
777.0,13.0622879,77.6333968,Hennuru,"Thanisandra Main Road, King Space Meadows, Hegde Nagar, Bengaluru, Karnataka. Pin-560077 (India)"
778.0,12.9250715,77.6375839,Adugodi,"Sarjapur Marathahalli Road, Jakkasandra, Koramangala, Bengaluru, Karnataka. Pin-560034 (India)"
779.0,12.9603335,77.6435282,Jeevanbheemanagar,"Old Airport Road, Carlton Towers, HAL Stage 2, Indiranagar, Bengaluru, Karnataka. Pin-560008 (India)"
781.0,12.965722549999999,77.6196186,Halasur,"Victoria Road, ASC Junction, Agaram, Bengaluru, Karnataka. Pin-560007 (India)"
784.0,12.9082725,77.6916917,Bellandur,"Sarjapura Main Road, KPR Sunrise Square, P Krishnappa Layout, Doddakannelli, Bengaluru, Karnataka. Pin-560035 (India)"
785.0,12.9621302,77.5335461,Byatarayanapura,"Chord Road, BHEL Township, Widia Layout, Vijaya Nagar, Bengaluru, Karnataka. Pin-560040 (India)"
787.0,12.9843622,77.582986,High ground,"Dr MH Ambarish Road, Trilite Junction, Vasant Nagar, Bengaluru, Karnataka. Pin-560001 (India)"
790.0,13.042719325,77.5981449,Hebbala,"MBT Road, Kariyanna Layout, Guddadahalli, Hebbal, Bengaluru, Karnataka. Pin-560024 (India)"
794.0,12.924525150000001,77.62839945,Adugodi,"1st Cross Road, Krupanidhi College Junction, Koramangala, Bengaluru, Karnataka. Pin-560034 (India)"
797.0,12.973764150000001,77.5500964,Magadi Road,"G Narayana Kumar Road, Old Tollgate, Cholurpalya, Bengaluru, Karnataka. Pin-560023 (India)"
798.0,13.0459326,77.7502339,K.R. Pura,"MBT Road, Subhams Antique City, Konadasapura, Bengaluru, Karnataka. Pin-560049 (India)"
801.0,13.1611682,77.595828,Chikkajala,"Telecom Layout Road, Phase 2A, After The Rain, Bettahalasur, Bengaluru, Karnataka. Pin-562157 (India)"
802.0,12.9227216,77.5434673,Banashankari,"Ittamadu Road, Maruthi Nagar, Ittamadu, Banashankari Stage 3, Bengaluru, Karnataka. Pin-560085 (India)"
803.0,13.034825,77.628625,K.G. Halli,"MBT Road, Block 4 Stage 1, HBR Layout, Bengaluru, Karnataka. Pin-560043 (India)"
805.0,12.9656183,77.7489031,Whitefield,"Whitefield Main Road, Sobha Rose Apartment, Whitefield, Bengaluru, Karnataka. Pin-560066 (India)"
806.0,13.125122950000002,77.57415449999999,Yelahanka,"DVN MD 6, Assetz The Secret Lake, Devanahalli, Bengaluru Rural District, Karnataka. Pin-562110 (India)"
807.0,12.930687,77.5434701,Banashankari,"80 Feet Main Road, Hoaskerehalli Circle, Banashankari Stage 3, Bengaluru, Karnataka. Pin-560085 (India)"
809.0,12.9614818,77.63574556666667,Halasur,"Old Airport Road, Attimaramma Circle, Domlur, Bengaluru, Karnataka. Pin-560071 (India)"
810.0,12.9383414,77.7455907,Whitefield,"27th Cross Road, BMG Layout, Varthur Marattahalli, Bengaluru, Karnataka. Pin-560087 (India)"
811.0,13.0184217,77.56126,Yeshwanthpura,"MS Ramaiah Road, PW Frames Colony, Yeshwanthpur, Bengaluru, Karnataka. Pin-560022 (India)"
817.0,12.9977614,77.7213522,K.R. Pura,"Kodigehalli Main Road, HA Basi Reddy Layout, Hoodi, Bengaluru, Karnataka. Pin-560048 (India)"
820.0,13.0287972,77.6206363,K.G. Halli,"Nagawara Main Road, Eranna Palya, HBR Layout, Bengaluru, Karnataka. Pin-560045 (India)"
823.0,12.9124633,77.6380122,HSR Layout,"13th Main Road, The Metropolitan Cooperative Housing Society, Sector 4, HSR Layout, Bengaluru, Karnataka. Pin-560102 (India)"
824.0,12.919432449999999,77.542255225,Banashankari,"Ittamadu Road, Thimmaraya Gowda Layout, Ittamadu, Banashankari Stage 3, Bengaluru, Karnataka. Pin-560085 (India)"
825.0,12.99518265,77.60833165,Pulikeshinagar(F.Town),"Haines Road, Prestige Deja Vu, Pulikeshi Nagar, Frazer Town, Bengaluru, Karnataka. Pin-560005 (India)"
827.0,13.1013365,77.5835663,Yelahanka,"Yelahanka New Town Main Road, Sector B, Yelahanka New Town, Bengaluru, Karnataka. Pin-560064 (India)"
831.0,13.0735695,77.5033353,Chikkabanavara,"Hesaraghatta Main Road, Janapriya Nivas, Chikkasandra, Bengaluru, Karnataka. Pin-560090 (India)"
833.0,12.8718258,77.6512363,Electronic City,"Hosur Road, Channakeshava Nagar, Singasandra, Bengaluru, Karnataka. Pin-560100 (India)"
836.0,13.0122874,77.5090347,Peenya,"S Nataraj Kumar Road, Industrial Area Stage 2, Peenya, Bengaluru, Karnataka. Pin-560058 (India)"
837.0,12.9958759,77.5715134,Malleshwaram,"Sri Venkataranga Ayangar Road, Shivanandappa Layout, Malleshwaram, Bengaluru, Karnataka. Pin-560003 (India)"
838.0,12.9704729,77.6102571,Ashok Nagar,"Commissariat Road, Garuda Mall, Ashok Nagar, Bengaluru, Karnataka. Pin-560025 (India)"
840.0,12.944691325,77.6028546,Adugodi,"Bannerghatta Main Road, Mythreyi Naimisha, Adugodi, Bengaluru, Karnataka. Pin-560030 (India)"
842.0,12.967632799999999,77.57445443333334,Chamarajpet,"AS Char Main Road, Old Tharagupete, Chickpete, Bengaluru, Karnataka. Pin-560002 (India)"
844.0,13.0278723,77.5715932,Sadashivanagar,"Shri Bala Anjaneya Swami Temple Road, MS Ramaiah Hospital Junction, RMV Stage 2, Bengaluru, Karnataka. Pin-560094 (India)"
845.0,12.9707873,77.5762439,City Market,"AS Char Main Road, Telagupet, Bengaluru, Karnataka. Pin-560002 (India)"
847.0,13.000733966666667,77.75763169999999,Mahadevapura,"Kadugodi Railway Bridge, Golden Blossom Apartment, Belatur Colony, Kadugodi, Bengaluru, Karnataka. Pin-560067 (India)"
852.0,12.9063283,77.5760228,J.P. Nagar,"16th Cross Road, Rose Garden, JP Nagar Phase 6, Bengaluru, Karnataka. Pin-560078 (India)"
855.0,12.9849591,77.6915765,Mahadevapura,"Outer Ring Road, Chinappa Layout, Mahadevapura, Bengaluru, Karnataka. Pin-560048 (India)"
856.0,12.9995975,77.6196896,Pulikeshinagar(F.Town),"Lazar Road, Government Police Quarters, Frazer Town, Bengaluru, Karnataka. Pin-560005 (India)"
859.0,13.0979853,77.5669184,Yelahanka,"Atturu Main Road, Escorts Layout, Attur Layout, Yelahanka, Bengaluru, Karnataka. Pin-560064 (India)"
863.0,12.9883475,77.61757320000001,Pulikeshinagar(F.Town),"Tank Road, Mother Teresa Circle, Frazer Town, Bengaluru, Karnataka. Pin-560005 (India)"
864.0,13.0117307,77.5519405,Malleshwaram,"Da Ra Bendre Road, Kirloskar Foundry, Yeshwanthpur Suburb Stage 2, Yeshwanthpur, Bengaluru, Karnataka. Pin-560022 (India)"
865.0,13.0305585,77.5159596,Peenya,"ABB Cross Road, Narayanapura, Peenya, Bengaluru, Karnataka. Pin-560058 (India)"
866.0,12.971090385,77.56642569499999,Magadi Road,"Binny Mill Main Road, Binny Mill Circle, Binnypete, Bengaluru, Karnataka. Pin-560023 (India)"
868.0,12.979,77.640885,Jeevanbheemanagar,"100 Feet Road, Sri Krishnappa Layout, Indiranagar, Bengaluru, Karnataka. Pin-560038 (India)"
874.0,12.910431,77.5840122,J.P. Nagar,"9th Cross Road, Jeevan Mitra Apartment, Jeevan Sathi Colony, JP Nagar Phase 1, Bengaluru, Karnataka. Pin-560078 (India)"
878.0,12.9354043,77.5848702,Jayanagara,"10th Main Road, Madhavan Circle, Jayanagar East, Bengaluru, Karnataka. Pin-560011 (India)"
879.0,12.9160634,77.6353392,HSR Layout,"9th Main Road, Sai Nandana Residency, Teachers Colony, Koramangala, Bengaluru, Karnataka. Pin-560034 (India)"
883.0,12.9389375,77.5926618,Wilson Garden,"1st Main Road, NIMHANS, Bengaluru, Karnataka. Pin-560029 (India)"
885.0,13.0035148,77.5298216,Rajajinagar,"17th Main Road, RIECHS Layout, Kurubarahalli, Bengaluru, Karnataka. Pin-560086 (India)"
886.0,12.9207073,77.58594345,Jayanagara,"11th Main Road, Block 4T East, Jayanagar, Bengaluru, Karnataka. Pin-560041 (India)"
888.0,12.956357163333331,77.73203536999999,Whitefield,"HAL Airport Road, Miraya Rose, Siddapura, Bengaluru, Karnataka. Pin-560066 (India)"
889.0,12.8976817,77.6347539,HSR Layout,"Electronics City Flyover, Narasimha Reddy Layout, Garvebhavi Palya, Bengaluru, Karnataka. Pin-560068 (India)"
890.0,12.9385767,77.63319,Ashok Nagar,"Domlur Inner Ring Road, Srinivagilu Junction, Agaram, Bengaluru, Karnataka. Pin-560007 (India)"
891.0,12.9850977,77.55602755000001,Rajajinagar,"10th Main Road, Block 4E, Rajaji Nagar, Bengaluru, Karnataka. Pin-560010 (India)"
892.0,12.9574481,77.5194348,Byatarayanapura,"Dr Rajkumar Puniya Bhoomi Road, New Income Tax Layout, Chandra Layout Stage 1, Bengaluru, Karnataka. Pin-560072 (India)"
894.0,13.004658,77.7100041,K.R. Pura,"Basavanapura Road, KR Puram, Bengaluru, Karnataka. Pin-560036 (India)"
895.0,12.96618402,77.53564766,Vijayanagara,"Chord Road, Nethravathi Government Quarters, MRCR Layout, Vijaya Nagar, Bengaluru, Karnataka. Pin-560040 (India)"
901.0,13.022868,77.6396443,Banaswadi,"4th G Main Road, Block 2, HRBR Layout, Kalyan Nagar, Bengaluru, Karnataka. Pin-560043 (India)"
909.0,12.9213061,77.7361817,Whitefield,"Gunjurupalya Road, Sapthagiri Nirvana, Gunjur, Bengaluru, Karnataka. Pin-560087 (India)"
912.0,12.9630608,77.7023872,HAL Old Airport,"1st Main Road, Roshni Tech Hub, Marathahalli, Bengaluru, Karnataka. Pin-560037 (India)"
917.0,12.9153846,77.6384335,HSR Layout,"13th Main Road, The Metropolitan Cooperative Housing Society, Sector 4, HSR Layout, Bengaluru, Karnataka. Pin-560102 (India)"
918.0,13.00684025,77.75739164999999,Mahadevapura,"Whitefield Main Road, Reddys Keerthi Residency, Belathur, Bengaluru, Karnataka. Pin-560067 (India)"
927.0,12.94095523,77.696044,HAL Old Airport,"Kadubeesanahalli Underpass, Kadubisanahalli, Bengaluru, Karnataka. Pin-560103 (India)"
930.0,12.9974507,77.6698174,Banaswadi,"Outer Ring Road, Ranka Junction, Annaiah Reddy Industrial Area, Dooravani Nagar, Bengaluru, Karnataka. Pin-560016 (India)"
933.0,12.9988082,77.57135165,Malleshwaram,"8th Cross Road, RR Palace, Malleshwaram, Bengaluru, Karnataka. Pin-560003 (India)"
937.0,12.9821964,77.6459164,Jeevanbheemanagar,"Sir CV Raman Hospital Road, George Thangiah Complex, Michaelpalya, Indiranagar, Bengaluru, Karnataka. Pin-560038 (India)"
941.0,12.9768137,77.6966098,Mahadevapura,"Outer Ring Road, Zonasha Saphire, Doddanekundi, Bengaluru, Karnataka. Pin-560037 (India)"
943.0,12.999916599999999,77.5511802,Malleshwaram,"14th Cross Road, Block 1, Rajaji Nagar, Bengaluru, Karnataka. Pin-560010 (India)"
946.0,12.9410827,77.5799627,Basavanagudi,"RV Road, Parasmani Regency, Block 2, Jayanagar East, Bengaluru, Karnataka. Pin-560011 (India)"
948.0,12.8928009,77.4796977,Kengeri,"Nice Road, The Green Valley Address, Doddabele, Bengaluru, Karnataka. Pin-560060 (India)"
950.0,12.956316300000001,77.57722385,City Market,"Kalasipalyam Main Road, Basappa Circle, VV Puram, Bengaluru, Karnataka. Pin-560004 (India)"
952.0,12.9678065,77.6529808,Jeevanbheemanagar,"Jeevan Bhima Nagar Main Road, Sector 11, LIC Colony, Jeevan Bima Nagar, Bengaluru, Karnataka. Pin-560075 (India)"
958.0,12.9575581,77.5031953,Jnanabharathi,"Kengeri Main Road, Vishveshwarya Layout, Mallathahalli, Bengaluru, Karnataka. Pin-560056 (India)"
959.0,13.0267184,77.6202561,K.G. Halli,"80 Feet Road, St Marys Layout, Sarvodaya Nagar, HBR Layout, Bengaluru, Karnataka. Pin-560045 (India)"
960.0,12.9841489,77.6490274,Jeevanbheemanagar,"Suranjan Das Road, Duo Harmony, Binnamangala, Indiranagar, Bengaluru, Karnataka. Pin-560038 (India)"
961.0,12.9801396,77.6139775,Shivajinagar,"Compensation Road, Sivanchetti Gardens, Bengaluru, Karnataka. Pin-560042 (India)"
964.0,12.9292336,77.564136,Banashankari,"13th Cross Road, CT Bed Extension, Banashankari Stage 2, Bengaluru, Karnataka. Pin-560070 (India)"
965.0,13.0390583,77.5627367,Sadashivanagar,"1st Cross Road, RK Garden, RMV Stage 2, Bengaluru, Karnataka. Pin-560054 (India)"
966.0,13.0262706,77.63649985,Banaswadi,"3rd C Main Road, Vasthav Sneha Enclave, Chelekere, Bengaluru, Karnataka. Pin-560043 (India)"
968.0,12.94146325,77.597688925,Wilson Garden,"Hosur Road, NIMHANS Junction, NIMHANS, Bengaluru, Karnataka. Pin-560029 (India)"
973.0,12.8417072,77.6442073,Electronic City,"Neeladri Road, Himagiri Residency, Bettadasanapura, Bengaluru, Karnataka. Pin-560100 (India)"
976.0,12.9699546,77.4967523,Jnanabharathi,"60 Feet Road, Sri Maregowda Circle, Gidadakonenahalli, Bengaluru, Karnataka. Pin-560091 (India)"
980.0,12.8872783,77.73818,Whitefield,"Sarjapura Main Road, Muthanallur Cross, Dommasandra Anekal Taluka, Bengaluru, Karnataka. Pin-562125 (India)"
982.0,13.0587583,77.6328567,Hennuru,"Thanisandra Main Road, Arkavathy Layout 14th Block, Thanisandra, Bengaluru, Karnataka. Pin-560077 (India)"
984.0,12.9519068,77.605028,Ashok Nagar,"Hosur Road, Gajendra Nagar, Nilsandra, Bengaluru, Karnataka. Pin-560030 (India)"
985.0,12.970425044999999,77.64119047,Jeevanbheemanagar,"12th Main Road, Sony World Junction, Indiranagar, Bengaluru, Karnataka. Pin-560008 (India)"
986.0,12.9781425,77.5648766,Magadi Road,"Magadi Road, Magadi Road Area, Bengaluru, Karnataka. Pin-560023 (India)"
992.0,12.9666084,77.5739023,Chamarajpet,"AS Char Main Road, Sultanpete, Bengaluru, Karnataka. Pin-560053 (India)"
995.0,12.9575781,77.5861908,Wilson Garden,"Lalbagh Main Road, Pride Hulkul, Vinoba Nagar, Kalasipalyam, Bengaluru, Karnataka. Pin-560027 (India)"
996.0,12.973500600000001,77.61444639999999,Halasur,"Mahatma Gandhi Road, WEBBS Circle Junction, Ashok Nagar, Bengaluru, Karnataka. Pin-560001 (India)"
1000.0,13.0442533,77.5479436,Jalahalli,"1st Main Road, Seetharam Industrial Estate, Jalahalli, Bengaluru, Karnataka. Pin-560013 (India)"
1003.0,13.02865405,77.5789183,Kodigehalli,"2nd Cross Road, Ganga Nagar, RMV Stage 2, Bengaluru, Karnataka. Pin-560094 (India)"
1008.0,12.9902133,77.766255,Mahadevapura,"FCI Main Road, Muneshwara Layout, Kadugodi, Bengaluru, Karnataka. Pin-560067 (India)"
1012.0,13.0231428,77.5221329,Peenya,"9th Main Road, Duggalamma Badavane, Peenya, Bengaluru, Karnataka. Pin-560058 (India)"
1013.0,13.1352303,77.6170911,Yelahanka,"Bengaluru Bellary Road, Bharthi Nagar, Hunasamaranahalli, Bengaluru, Karnataka. Pin-562157 (India)"
1015.0,13.0505275,77.5429039,Jalahalli,"H Mount Estate Road, Jalahalli, Bengaluru, Karnataka. Pin-560013 (India)"
1016.0,13.0011314,77.5331004,Rajajinagar,"16th C Main Road, Karnataka Layout Stage 1, Kurubarahalli, Bengaluru, Karnataka. Pin-560086 (India)"
1023.0,13.0281595,77.5809735,Kodigehalli,"60 Feet Road, D Type Quarters, UAS Campus, Hebbal, Bengaluru, Karnataka. Pin-560024 (India)"
1024.0,12.956963949999999,77.69887374999999,HAL Old Airport,"HAL Airport Road, TNR Layout, Marathahalli, Bengaluru, Karnataka. Pin-560037 (India)"
1028.0,12.9439816,77.5679382,Basavanagudi,"Bull Temple Road, Sunkenahalli, Gavipuram Extension, Bengaluru, Karnataka. Pin-560004 (India)"
1037.0,13.02261915,77.71418249999999,K.R. Pura,"MBT Road, Ohana Apartment, KR Puram, Bengaluru, Karnataka. Pin-560049 (India)"
1041.0,13.0953378,77.579604,Yelahanka,"16th B Cross Road, Stage 3, Yelahanka New Town, Bengaluru, Karnataka. Pin-560064 (India)"
1044.0,12.8817524,77.5959638,Hulimavu,"Bannerghatta Main Road, Vijay Shree Layout, Hulimavu, Bengaluru, Karnataka. Pin-560076 (India)"
1045.0,12.9314883,77.62259614,Adugodi,"Domlur Inner Ring Road, BDA Junction, Koramangala, Bengaluru, Karnataka. Pin-560034 (India)"
1047.0,12.9242106,77.6148702,Madiwala,"1st Main Road, Stage 1, Madivala, Bengaluru, Karnataka. Pin-560068 (India)"
1051.0,12.9846079,77.6223905,Halasur,"Kensington Road, Kalhalli, Halasuru, Bengaluru, Karnataka. Pin-560042 (India)"
1052.0,12.9250436,77.6336263,Adugodi,"80 Feet Road, SBI Colony, Koramangala, Bengaluru, Karnataka. Pin-560034 (India)"
1053.0,12.9102602,77.5903258,J.P. Nagar,"18th Main Road, JP Nagar Phase 2, Bengaluru, Karnataka. Pin-560078 (India)"
1057.0,12.9436591,77.5759531,Basavanagudi,"Shri BP Wadia Road, Madhav Rao Circle, Basavanagudi, Bengaluru, Karnataka. Pin-560004 (India)"
1061.0,12.930675,77.5823783,Jayanagara,"7th B Main Road, Shri Vinayaka Circle, Jayanagar, Bengaluru, Karnataka. Pin-560011 (India)"
1065.0,13.05491015,77.53473765,Jalahalli,"SM Road, Patel Shamanna Layout, Kammagondanahalli, Bengaluru, Karnataka. Pin-560015 (India)"
1066.0,12.9421468,77.5711553,Basavanagudi,"Sri DV Gundappa Road, Shopper Junction, Basavanagudi, Bengaluru, Karnataka. Pin-560004 (India)"
1067.0,12.9801409,77.6074116,Shivajinagar,"Main Guard Cross Road, Tasker Town, Shivaji Nagar, Bengaluru, Karnataka. Pin-560001 (India)"
1068.0,13.004029,77.5712718,Malleshwaram,"Sri Venkataranga Ayangar Road, Krishna Apartment, Kadumalleshwara, Malleshwaram, Bengaluru, Karnataka. Pin-560003 (India)"
1073.0,12.990873050000001,77.57172895,Sheshadripuram,"South Central Road, Sirur Park Junction, Seshadripuram, Bengaluru, Karnataka. Pin-560020 (India)"
1075.0,12.9806464,77.5762418,Upparpet,"Anand Rao Flyover, R Subanna Circle, Gandhi Nagar, Bengaluru, Karnataka. Pin-560001 (India)"
1077.0,12.9671705,77.5403742,Vijayanagara,"7th A Cross Road, DOS ISRO Housing Colony, RPC Layout, Vijaya Nagar Stage 2, Bengaluru, Karnataka. Pin-560040 (India)"
1079.0,13.0335198,77.5581582,Yeshwanthpura,"MS Ramaiah Road, Mattikere Layout, Mathikere Extension, Bengaluru, Karnataka. Pin-560054 (India)"
1080.0,13.0050772,77.569096,Malleshwaram,"Siddavanahalli Krishna Sharma Road, Malleshwara Extension, Malleshwaram West, Bengaluru, Karnataka. Pin-560055 (India)"
1082.0,12.99308197,77.70532632,Mahadevapura,"Whitefield Road, Bhoruka Tech Park, Mahadevapura Industrial Area, Mahadevapura, Bengaluru, Karnataka. Pin-560048 (India)"
1083.0,12.9756209,77.6167045,Halasur,"Ulsoor Road, Yellappa Chetty Layout, Sivanchetti Gardens, Bengaluru, Karnataka. Pin-560042 (India)"
1084.0,13.0074652,77.5662988,Malleshwaram,"GP Rajarathnam Road, Navratna Apartment, Malleshwaram West, Bengaluru, Karnataka. Pin-560055 (India)"
1085.0,12.986114,77.5807451,High ground,"North Park Road, Shivananda Circle, Gandhi Nagar, Bengaluru, Karnataka. Pin-560001 (India)"
1089.0,12.9238289,77.5971089,Jayanagara,"East End A Main Road, NAL Layout, Jayanagar, Bengaluru, Karnataka. Pin-560041 (India)"
1095.0,12.880101849999999,77.5459019,Thalagattapura,"2nd Cross Road, 4th H Block, Raghuvanahalli, Bengaluru, Karnataka. Pin-560109 (India)"
1096.0,13.0028917,77.5306097,Rajajinagar,"17th Main Road, RIECHS Layout, Kurubarahalli, Bengaluru, Karnataka. Pin-560086 (India)"
1097.0,12.8462325,77.6724104,Electronic City,"Hosur Road, Electronic City, Bengaluru, Karnataka. Pin-560100 (India)"
1099.0,12.965194,77.5997074,Ashok Nagar,"Richmond Road, Purva Premiere, Richmond Town, Bengaluru, Karnataka. Pin-560025 (India)"
1100.0,12.84108275,77.64937939999999,Electronic City,"Genesis Eco Sphere Road, Genesis Eco Sphere, Neeladri Nagar, Electronic City, Bengaluru, Karnataka. Pin-560100 (India)"
1101.0,13.0416747,77.5212074,Peenya,"4th Cross Road, Udupa Garden, Jalahalli West, Bengaluru, Karnataka. Pin-560015 (India)"
1102.0,13.0113111,77.5814991,Sadashivanagar,"10th Main Road, Achaiah Chetty Layout, RMV Extension, Sadashiva Nagar, Bengaluru, Karnataka. Pin-560080 (India)"
1103.0,13.0089831,77.5804427,Sadashivanagar,"13th Cross Road, Palace Orchard Apartment, RMV Extension, Sadashiva Nagar, Bengaluru, Karnataka. Pin-560080 (India)"
1107.0,12.930013,77.5667405,Banashankari,"Gayatri Bhavan Road, Bhovi Colony, Block 3, Thyagarajanagar, Bengaluru, Karnataka. Pin-560070 (India)"
1121.0,12.9611105,77.5103384,Jnanabharathi,"Mallathahalli Road, Sri Gurukrupa Layout, Nagarbhavi Stage 2, Bengaluru, Karnataka. Pin-560072 (India)"
1122.0,13.1643301,77.6309231,Chikkajala,"Bengaluru Bellary Road, Railway Annaiappan Nagar, Chikkajala, Bengaluru, Karnataka. Pin-562157 (India)"
1124.0,13.2210345,77.6822537,Devanahalli Airport,"DVN MD 7, Boovanahalli, Devanahalli, Bengaluru Rural District, Karnataka. Pin-562110 (India)"
1126.0,13.0239336,77.5833386,Kodigehalli,"1st Main Road, Training Quarters, Armane Nagar, Bengaluru, Karnataka. Pin-560094 (India)"
1128.0,13.1850133,77.6984583,Chikkajala,"SH 104, Mylanahalli, Bengaluru, Karnataka. Pin-562149 (India)"
1137.0,12.8874767,77.7372183,Whitefield,"Sarjapura Main Road, Swami Vivekananda Nagar, Sulikunte, Bengaluru, Karnataka. Pin-562125 (India)"
1140.0,13.1877011,77.7119109,Chikkajala,"SH 104, Kadayarapanahalli, Bengaluru, Karnataka. Pin-562149 (India)"
1141.0,12.8445617,77.6732867,Electronic City,"Hosur Road, Pride Gateway, Phase 2, Electronic City, Bengaluru, Karnataka. Pin-560100 (India)"
1144.0,12.9692815,77.7357346,Whitefield,"Borewell Road, Dr BR Ambedkar Circle, Whitefield, Bengaluru, Karnataka. Pin-560066 (India)"
1145.0,13.1853883,77.6418683,Chikkajala,"Bengaluru Bellary Road, Meenakunte, Bengaluru, Karnataka. Pin-562157 (India)"
1147.0,12.9999986,77.6634061,Banaswadi,"MBT Road, Rajeev Nagar, Banaswadi, Bengaluru, Karnataka. Pin-560043 (India)"
1148.0,13.005755,77.6904483,K.R. Pura,"South 3rd Road, SM Layout, Dooravani Nagar, Bengaluru, Karnataka. Pin-560016 (India)"
1151.0,13.0196125,77.6738748,Banaswadi,"TC Palya Main Road, Ushodaya S Square, M Vishveshvaraiah Nagar, Horamavu, Bengaluru, Karnataka. Pin-560113 (India)"
1155.0,12.974094,77.508972,Jnanabharathi,"Kengeri Main Road, Bayamma Layout, Nagarbhavi Stage 2, Bengaluru, Karnataka. Pin-560091 (India)"
1159.0,12.9233342,77.6099015,Mico Layout,"Thavarekere Main Road, Ramappa Layout, Tavarekere, Bengaluru, Karnataka. Pin-560029 (India)"
1160.0,12.8951843,77.5551185,K.S. Layout,"1st Main Road, Prashanthi Nagar Extension, Bikaspura, Bengaluru, Karnataka. Pin-560062 (India)"
1163.0,13.0187717,77.586025,R.T. Nagar,"Binny Mill Main Road, Gunatha Vihar, Ganga Nagar, Bengaluru, Karnataka. Pin-560006 (India)"
1164.0,13.0005187,77.7120899,K.R. Pura,"5th Main Road, Block 4 Brindavan Layout, Ayyappa Nagar, KR Puram, Bengaluru, Karnataka. Pin-560036 (India)"
1168.0,13.03457587,77.55734061,Yeshwanthpura,"MS Ramaiah Road, Nada Prabhu Kempegowda Circle, Mathikere, Bengaluru, Karnataka. Pin-560054 (India)"
1170.0,12.97575875,77.5598277,Magadi Road,"G Narayana Kumar Road, Annapurneshwari Industrial Area, Magadi Road Area, Bengaluru, Karnataka. Pin-560023 (India)"
1171.0,12.9749011,77.5122987,Jnanabharathi,"2nd B Cross Road, Block 7, Nagarbhavi Stage 2, Bengaluru, Karnataka. Pin-560072 (India)"
1174.0,13.1232782,77.6384588,Chikkajala,"Bagaluru Main Road, Halcyon Defence Enclave, Satanur, Bengaluru, Karnataka. Pin-562149 (India)"
1175.0,12.9752846,77.6976675,Mahadevapura,"Outer Ring Road, Durga Petals, Doddanekundi, Bengaluru, Karnataka. Pin-560037 (India)"
1179.0,12.9508048,77.7175179,Whitefield,"Vibgyor High School Road, Samhita Rainbow MTB Apartment, Green Garden Layout, Munnekolala, Bengaluru, Karnataka. Pin-560037 (India)"
1180.0,13.0501267,77.526015,Jalahalli,"SM Road, Prasad Enclave, Jalahalli, Bengaluru, Karnataka. Pin-560015 (India)"
1198.0,12.9669599,77.7484269,Whitefield,"Sri Karumariamman Temple Road, DS Max Spark, Whitefield, Bengaluru, Karnataka. Pin-560066 (India)"
1199.0,13.0266017,77.5872681,R.T. Nagar,"CBI Main Road, KGH Layout, Ganga Nagar, Bengaluru, Karnataka. Pin-560032 (India)"
1203.0,13.084185399999999,77.55186645,Yelahanka,"Yelahanka Road, Adithyanagara, Attur, Bengaluru North City Corporation, Bengaluru, Yelahanka taluku, Bengaluru Urban, Karnataka, 560097, India"
1204.0,13.05972511,77.57677197,Kodigehalli,"Kodigehalli Main Road, Kodigehalli Circle, Sahakara Nagar, Bengaluru, Karnataka. Pin-560092 (India)"
1208.0,13.0114761,77.6158094,K.G. Halli,"Nagawara Main Road, Bilal Nagar, Pillanna Garden, Bengaluru, Karnataka. Pin-560045 (India)"
1210.0,13.0570632,77.6484321,Hennuru,"Byrathi Main Road, Atel Munishamappa Garden, Narayanpura, Kothnur Narayanapura, Bengaluru, Karnataka. Pin-560077 (India)"
1212.0,13.184446,77.6797199,Chikkajala,"Unnamed Road, Begur Chikkanahalli, Bengaluru, Karnataka. Pin-562149 (India)"
1215.0,12.9486698,77.7179181,Whitefield,"Vibgyor High School Road, Vaswani Menlo Park, Thubarahalli, Bengaluru, Karnataka. Pin-560066 (India)"
1217.0,13.0506439,77.5529418,Jalahalli,"Rajatha Bhavana Road, Dr K Shivaramakarantha Circle, Jalahalli, Bengaluru, Karnataka. Pin-560013 (India)"
1219.0,13.048328075,77.5546682,Jalahalli,"Rajatha Bhavana Road, BEL Colony, Jalahalli, Bengaluru, Karnataka. Pin-560013 (India)"
1222.0,12.8748071,77.6692195,Electronic City,"Hosa Road, Bhadregowda Layout, Rayasandra, Bengaluru, Karnataka. Pin-560100 (India)"
1223.0,13.0139185,77.5793879,Sadashivanagar,"15th Main Road, RMV Extension, Sadashiva Nagar, Bengaluru, Karnataka. Pin-560080 (India)"
1228.0,13.2502567,77.7070167,Devanahalli Airport,"Devanahalli Bypass, Akkupet, Devanahalli, Bengaluru Rural District, Karnataka. Pin-562110 (India)"
1229.0,12.9193469,77.6429512,HSR Layout,"Outer Ring Road, Mantri Sarovar, Sector 4, HSR Layout, Bengaluru, Karnataka. Pin-560102 (India)"
1230.0,13.0345827,77.5755233,Kodigehalli,"Dr Rajgopal Road, Hoysala Apartment, Naidu Layout, Sanjay Nagar, Bengaluru, Karnataka. Pin-560094 (India)"
1233.0,12.9658108,77.65806,Jeevanbheemanagar,"3rd Cross Road, Krishna Reddy Layout, Jeevan Bima Nagar, Bengaluru, Karnataka. Pin-560075 (India)"
1234.0,12.9039683,77.5105667,Kengeri,"Dr Vishnuvardhan Main Road, Kanakadas Circle, Gaanakallu, Bengaluru, Karnataka. Pin-560060 (India)"
1235.0,13.079918,77.50215835,Chikkabanavara,"Hesaraghatta Main Road, Chikkabanavara, Bengaluru, Karnataka. Pin-560090 (India)"
1241.0,12.861995,77.6598631,Electronic City,"Hosur Road, Keerthi Royal Palms, Beretana Agarhara, Bengaluru, Karnataka. Pin-560100 (India)"
1242.0,13.09591716,77.56173962,Yelahanka,"2nd Main Road, Kaveri Layout, Sector 3, Dr. Shivaram Karanth Layout, Bengaluru North City Corporation, Bengaluru, Yelahanka taluku, Bengaluru Urban, Karnataka, 560097, India"
1247.0,12.9856366,77.4863683,Kamakshipalya,"Magadi Main Road, Vishweshwaraya Nagar, Anjana Nagar, Herohalli, Bengaluru, Karnataka. Pin-560091 (India)"
1248.0,12.8689366,77.5363322,Thalagattapura,"Konanakunte Main Road, Thalaghattapura, Bengaluru, Karnataka. Pin-560109 (India)"
1249.0,13.0741677,77.6516608,Hennuru,"Hennur Main Road, True North by Livingwalls, Kuvempu Layout, Visthar, Bengaluru, Karnataka. Pin-560077 (India)"
1251.0,13.0422533,77.6418933,Hennuru,"Hennur Main Road, Kumar Prospera, Geddalahalli, Bengaluru, Karnataka. Pin-560077 (India)"
1256.0,12.9982247,77.7580286,Mahadevapura,"Kadugodi Railway Bridge, Kadugodi, Bengaluru, Karnataka. Pin-560067 (India)"
1260.0,13.001104049999999,77.52540830000001,Rajajinagar,"1st Main Road, Kempegowda Layout, Laggere, Bengaluru, Karnataka. Pin-560058 (India)"
1272.0,12.9767555,77.7544836,Whitefield,"Vijayanagar Road, The Grove, Whitefield, Bengaluru, Karnataka. Pin-560066 (India)"
1274.0,12.9864648,77.489907,Kamakshipalya,"Magadi Main Road, Ganesh Farm, Anjana Nagar, Herohalli, Bengaluru, Karnataka. Pin-560091 (India)"
1276.0,12.96402535,77.5779393,City Market,"Osman Khan Road, City Market Circle, Bengaluru, Karnataka. Pin-560002 (India)"
1282.0,12.96309,77.748285,Whitefield,"5th Cross Road, Brooke Bond, Whitefield, Bengaluru, Karnataka. Pin-560066 (India)"
1283.0,12.9558583,77.7263767,Whitefield,"HAL Airport Road, Sumadhura LNR Lake Breeze, Siddapura, Bengaluru, Karnataka. Pin-560066 (India)"
1284.0,12.9823732,77.5176914,Kamakshipalya,"Dr Rajkumar Puniya Bhoomi Road, Sattva Anugraha, Kamakshipalya, Bengaluru, Karnataka. Pin-560079 (India)"
1285.0,13.004995,77.6372391,Banaswadi,"Indian Oil Flyover, Seva Nagar, New Lingarajapuram, Bengaluru, Karnataka. Pin-560033 (India)"
1287.0,12.9805555,77.5166163,Kamakshipalya,"Dr Rajkumar Puniya Bhoomi Road, Ramakrishna Layout, Nagarbhavi Stage 2, Bengaluru, Karnataka. Pin-560072 (India)"
1290.0,12.9284979,77.5925776,Jayanagara,"Tilak Nagar Main Road, Block 3 East Jayanagar, Jayanagar East, Bengaluru, Karnataka. Pin-560011 (India)"
1293.0,13.1032152,77.6253189,Yelahanka,"Kogilu Main Road, Ponnappa Layout, Srinivasapur, Bengaluru, Karnataka. Pin-560064 (India)"
1297.0,12.9141819,77.6765696,Bellandur,"Sarjapura Main Road, BN Mathrushree Layout, Kaikondrahalli, Bengaluru, Karnataka. Pin-560035 (India)"
1298.0,13.0653552,77.5040293,Chikkabanavara,"Hesaraghatta Main Road, Nisarga Layout, Bagalagunte, Bengaluru, Karnataka. Pin-560073 (India)"
1299.0,13.03586635,77.53480535,Yeshwanthpura,"Watch Factory Road, CMTI Quarters, Peenya, Bengaluru, Karnataka. Pin-560022 (India)"
1301.0,12.9888033,77.4976333,Kamakshipalya,"Magadi Main Road, Janapriya Bharat Enclave, Sri Venkateshwara Industrial Estate, Sunkadakatte, Bengaluru, Karnataka. Pin-560091 (India)"
1309.0,12.899533,77.7122526,Whitefield,"Sarjapura Main Road, Ambedkar Nagar, Chikkabellandur, Bengaluru, Karnataka. Pin-560035 (India)"
1312.0,12.9024645,77.705852,Bellandur,"Sarjapura Main Road, RGA Tech Park, Hadosiddapura, Bengaluru, Karnataka. Pin-560035 (India)"
1314.0,12.9053195,77.6096809,Mico Layout,"29th Main Road, Tallam Sudha Residency, NS Palya, BTM Layout Stage 2, Bengaluru, Karnataka. Pin-560076 (India)"
1315.0,13.0895998,77.3908201,Sadashivanagar,"Unnamed Road, Indira Nagar, Nelamangala, Karnataka. Pin-562123 (India)"
1320.0,12.9423082,77.5481102,Banashankari,"Sri Kumaraswamy Temple Road, Muneshwara Block, Banashankari Stage 1, Bengaluru, Karnataka. Pin-560026 (India)"
1322.0,13.0624717,77.5733483,Kodigehalli,"Kodigehalli Road, Pillappa Layout, Kodigehalli, Bengaluru, Karnataka. Pin-560097 (India)"
1325.0,13.0132709,77.6484194,Banaswadi,"100 Feet Road, Ankanna Reddy Layout, Banaswadi, Bengaluru, Karnataka. Pin-560043 (India)"
1340.0,12.9610679,77.5114574,Jnanabharathi,"Mallathahalli Road, Sri Gurukrupa Layout, Nagarbhavi Stage 2, Bengaluru, Karnataka. Pin-560072 (India)"
1341.0,12.9186326,77.6698261,Bellandur,"Sarjapura Main Road, Bellandur Gate, Bellandur, Bengaluru, Karnataka. Pin-560102 (India)"
1344.0,13.0550629,77.6006986,Hebbala,"Dasarahalli Main Road, M Venkategowdara Layout, Hebbal Kempapura, Bengaluru, Karnataka. Pin-560024 (India)"
1346.0,12.98704927,77.49115508,Kamakshipalya,"Magadi Main Road, Herohalli Cross, Madeshwara Nagar, Bengaluru, Karnataka. Pin-560091 (India)"
1349.0,12.929715,77.573648,Banashankari,"1st Cross Road, AK Colony, Block 7, Jayanagar, Bengaluru, Karnataka. Pin-560070 (India)"
1356.0,12.9262483,77.5318283,Kengeri,"Nice Bangalore Mysore Expressway, Hanumanthappa Layout, Hosakerehalli, Banashankari Stage 3, Bengaluru, Karnataka. Pin-560085 (India)"
1357.0,12.9591573,77.6611908,Jeevanbheemanagar,"Venugopal Swamy Temple Street, Konena Agrahara, Bengaluru, Karnataka. Pin-560017 (India)"
1358.0,12.9462933,77.5228133,Byatarayanapura,"2nd Cross Road, Thigalarapalya, Nayandahalli, Bengaluru, Karnataka. Pin-560039 (India)"
1359.0,13.002636500000001,77.68332705,K.R. Pura,"Central Work Shop Road, BSNL CACT Building, Dooravani Nagar, Bengaluru, Karnataka. Pin-560016 (India)"
1366.0,12.95570915,77.72316585,Whitefield,"HAL Airport Road, Pride Orchid, Thubarahalli, Bengaluru, Karnataka. Pin-560066 (India)"
1391.0,12.9948122,77.693173,Mahadevapura,"Bimal Maruti Show Room, 60/2, Whitefield Road, Garudachar Palya, Bengaluru East City Corporation, Bengaluru, Bangalore East, Bengaluru Urban, Karnataka, 560048, India"
1393.0,13.1277384,77.6136597,Yelahanka,"Bengaluru Bellary Road, Ecopolis, Yelahanka, Bengaluru, Karnataka. Pin-560063 (India)"
1394.0,12.9549589,77.5805541,City Market,"Lalbagh Fort Road, Minerva Circle, Mavalli, Bengaluru, Karnataka. Pin-560004 (India)"
1396.0,12.8757572,77.4964189,Thalagattapura,"NICE Road, NICE Road Cloverleaf Junction, Varahasandra, Bengaluru, Karnataka. Pin-560060 (India)"
1397.0,12.8669473,77.5071756,Thalagattapura,"NICE Road, The Little Valley, Rachanamadu, Bengaluru, Karnataka. Pin-560062 (India)"
1399.0,12.8600582,77.5215949,Thalagattapura,"NICE Road, Nagegowda Palya, Bengaluru, Karnataka. Pin-560109 (India)"
1400.0,12.8425759,77.5885226,Hulimavu,"Bannerghatta Main Road, Ambiant, Weavers Colony, Bengaluru, Karnataka. Pin-560083 (India)"
1402.0,13.0652039,77.6404893,Hennuru,"Narayanapur Cross Road, Yajaman M Nanjappa Circle, Kothnur Narayanapura, Bengaluru, Karnataka. Pin-560077 (India)"
1403.0,13.1287618,77.6140528,Yelahanka,"Bengaluru Bellary Road, Ecopolis, Yelahanka, Bengaluru, Karnataka. Pin-560063 (India)"
1404.0,12.9975256,77.5470383,Vijayanagara,"Padmabhushan Dr MC Modi Road, Phase 1, Manjunatha Nagar, Rajaji Nagar, Bengaluru, Karnataka. Pin-560010 (India)"
1412.0,13.0371565,77.5352186,Jalahalli,"Watch Factory Road, Brigade Rubix, Peenya, Bengaluru, Karnataka. Pin-560058 (India)"
1414.0,12.9487626,77.6891091,HAL Old Airport,"Yemalur Road, 77.com, 77 Town Centre, Yemlur, Bengaluru, Karnataka. Pin-560037 (India)"
1419.0,12.8756406,77.64883234999999,Electronic City,"3rd Main Road, Singasandra Industrial Estate, Begur, Bengaluru, Karnataka. Pin-560068 (India)"
1420.0,12.9683883,77.50627,Jnanabharathi,"6th Cross Road, Block 11, Papareddypalya, Nagarbhavi Stage 2, Bengaluru, Karnataka. Pin-560072 (India)"
1421.0,12.9718269,77.7117219,HAL Old Airport,"11th Cross Road, SJR Brooklyn Apartment, Kundalhalli, Bengaluru, Karnataka. Pin-560037 (India)"
1422.0,12.8825091,77.6440547,Electronic City,"Electronics City Flyover, AECS Layout B Block, Singasandra, Bengaluru, Karnataka. Pin-560068 (India)"
1431.0,12.862993,77.5149382,Thalagattapura,"NICE Road, Prathana Enclave, Block 4B, Banashankari Stage 6, Bengaluru, Karnataka. Pin-560062 (India)"
1432.0,13.0517848,77.6310318,Hennuru,"Thanisandra Main Road, Aswath Nagar Circle, Thanisandra, Bengaluru, Karnataka. Pin-560077 (India)"
1433.0,13.0312568,77.5772563,Kodigehalli,"Dr Rajgopal Road, GMR Layout, Sanjay Nagar, Bengaluru, Karnataka. Pin-560094 (India)"
1444.0,13.0087048,77.5691774,Malleshwaram,"Siddavanahalli Krishna Sharma Road, Sarangapani, Malleshwaram West, Bengaluru, Karnataka. Pin-560055 (India)"
1445.0,12.8461033,77.6589267,Electronic City,"Road Number 1, Phase 1, Electronic City, Bengaluru, Karnataka. Pin-560100 (India)"
1447.0,12.9842379,77.7508293,Mahadevapura,"Whitefield Road, Skyview, Whitefield, Bengaluru, Karnataka. Pin-560066 (India)"
1450.0,12.94077639,77.5313357,Byatarayanapura,"Bangarappa Nagar Road, BDA Layout, Pantarapalya, Bengaluru, Karnataka. Pin-560039 (India)"
1451.0,12.9355386,77.6246717,Adugodi,"Domlur Inner Ring Road, Koramangala, Bengaluru, Karnataka. Pin-560095 (India)"
1458.0,12.985794720000001,77.522807985,Kamakshipalya,"8th Cross Road, KA Rangappa Industrial Estate, Kamakshipalya, Bengaluru, Karnataka. Pin-560079 (India)"
1463.0,12.9336917,77.6863341,HAL Old Airport,"Patel Public School Road, Vaswani Melrose, Chandana, Kadubisanahalli, Bengaluru, Karnataka. Pin-560103 (India)"
1469.0,13.01775,77.6591433,Banaswadi,"MBT Road, Ajmera Arista, Gopal Reddy Layout, Banaswadi, Bengaluru, Karnataka. Pin-560043 (India)"
1476.0,12.9650713,77.6067195,Ashok Nagar,"Arab Lane B Street, Senior Police Officers Residential Complex, Richmond Town, Bengaluru, Karnataka. Pin-560025 (India)"
1479.0,13.015715233333333,77.55399133333333,Yeshwanthpura,"Chord Road, WTC Annexe, Malleshwaram West, Bengaluru, Karnataka. Pin-560055 (India)"
1482.0,12.9440124,77.6068594,Adugodi,"New Mico Road, Adugodi Junction, Adugodi, Bengaluru, Karnataka. Pin-560030 (India)"
1483.0,12.8696079,77.6545767,Electronic City,"2nd Cross Road, Navami Funique, Channakeshava Nagar, Singasandra, Bengaluru, Karnataka. Pin-560100 (India)"
1488.0,12.9814934,77.6085237,Shivajinagar,"Dispensary Road, Tasker Town, Shivaji Nagar, Bengaluru, Karnataka. Pin-560001 (India)"
1491.0,12.9183015,77.6419329,HSR Layout,"Outer Ring Road, Mantri Sarovar, Sector 4, HSR Layout, Bengaluru, Karnataka. Pin-560102 (India)"
1492.0,12.98076095,77.5495049,Magadi Road,"72nd Cross Road, Jedehalli, Rajaji Nagar, Bengaluru, Karnataka. Pin-560010 (India)"
1494.0,12.9237306,77.6474668,HSR Layout,"Outer Ring Road, Heavie Halcyon, Agara, HSR Layout, Bengaluru, Karnataka. Pin-560102 (India)"
1495.0,12.9318961,77.5445289,Banashankari,"80 Feet Main Road, VBHCS Layout, Banashankari Stage 3, Bengaluru, Karnataka. Pin-560085 (India)"
1496.0,12.8728187,77.651366,Electronic City,"1st Cross Road, Singasandra Industrial Estate, Begur, Bengaluru, Karnataka. Pin-560068 (India)"
1498.0,12.9835042,77.7542333,Mahadevapura,"Channasandra Main Road, Srinivasa Sunridge, Whitefield, Bengaluru, Karnataka. Pin-560066 (India)"
1500.0,12.97154225,77.610566,Ashok Nagar,"Commissariat Road, Garuda Mall, Ashok Nagar, Bengaluru, Karnataka. Pin-560025 (India)"
1502.0,13.0283245,77.5191569,Peenya,"TVS Cross Road, TVS Cross, Peenya, Bengaluru, Karnataka. Pin-560058 (India)"
1503.0,12.97570957,77.56103534,Magadi Road,"G Narayana Kumar Road, Annapurneshwari Industrial Area, Magadi Road Area, Bengaluru, Karnataka. Pin-560023 (India)"
1504.0,13.0248829,77.5112264,Peenya,"3rd Main Road, Chakkasandra, Peenya, Bengaluru, Karnataka. Pin-560058 (India)"
1506.0,12.9163048,77.6362865,HSR Layout,"Outer Ring Road, Sai Nandana Residency, Teachers Colony, Koramangala, Bengaluru, Karnataka. Pin-560034 (India)"
1507.0,12.9738007,77.6128385,Ashok Nagar,"Mahatma Gandhi Road, Prestige Meridian, Ashok Nagar, Bengaluru, Karnataka. Pin-560001 (India)"
1513.0,13.091295,77.5952417,Yelahanka,"Allalasandra Main Road, RMZ Galleria Residences, Yelahanka, Bengaluru, Karnataka. Pin-560064 (India)"
1516.0,12.9923012,77.7160412,Mahadevapura,"Whitefield Road, Hoodi Circle, Hoodi, Bengaluru, Karnataka. Pin-560048 (India)"
1517.0,12.9670383,77.6213517,Halasur,"Old Airport Road, ASC Junction, Agaram, Bengaluru, Karnataka. Pin-560007 (India)"
1523.0,12.9967908,77.6141053,Pulikeshinagar(F.Town),"Mosque Road, Frazer Town, Bengaluru, Karnataka. Pin-560005 (India)"
1525.0,13.0015734,77.5531602,Malleshwaram,"80 Feet Ring Road, Ketamaranahalli, Block 1, Rajaji Nagar, Bengaluru, Karnataka. Pin-560010 (India)"
1526.0,12.9651619,77.5682358,Chamarajpet,"Cart Street, Jai Bheema Nagar, Cottonpete, Bengaluru, Karnataka. Pin-560053 (India)"
1527.0,12.9710787,77.5836129,Halasuru Gate,"District Office Road, Cauvery Bhavan, Ambedkar Veedhi, Gandhi Nagar, Bengaluru, Karnataka. Pin-560009 (India)"
1530.0,12.9801212,77.5555583,Magadi Road,"80 Feet Ring Road, Gubbanna Industrial Estate, Block 6, Rajaji Nagar, Bengaluru, Karnataka. Pin-560010 (India)"
1531.0,12.8579389,77.6620332,Electronic City,"NICE Road, Greenfinch Vallerian, Beretana Agarhara, Bengaluru, Karnataka. Pin-560100 (India)"
1534.0,12.9987039,77.5421048,Vijayanagara,"Padmabhushan Dr MC Modi Road, Bhimajyothi LIC Colony, Basaveshwara Nagar, Bengaluru, Karnataka. Pin-560079 (India)"
1535.0,12.9164149,77.6095046,Mico Layout,"Outer Ring Road, Ram Sridhar Apartment, BTM Layout Stage 2, Bengaluru, Karnataka. Pin-560076 (India)"
1536.0,12.9489449,77.5358988,Byatarayanapura,"Mysore Road, Helmet Junction, Deepanjali Nagar, Bengaluru, Karnataka. Pin-560026 (India)"
1537.0,12.8416728,77.6761745,Electronic City,"Hosur Road, Pramuk Aqua Heights, Electronic City, Bengaluru, Karnataka. Pin-560100 (India)"
1538.0,12.9359141,77.6008275,Wilson Garden,"Bannerghatta Main Road, Dairy Circle, Adugodi, Bengaluru, Karnataka. Pin-560029 (India)"
1540.0,12.9658372,77.6046388,Ashok Nagar,"Wellington Street, Spartan Heights Apartments, Richmond Town, Bengaluru, Karnataka. Pin-560025 (India)"
1541.0,12.9700048,77.5681094,Chamarajpet,"Dr TCM Royan Road, Subhash Nagar, Cottonpete, Bengaluru, Karnataka. Pin-560053 (India)"
1542.0,13.0146125,77.5747089,Sadashivanagar,"11th Cross Road, Sadashivanagar Junction, Armane Nagar, Bengaluru, Karnataka. Pin-560094 (India)"
1543.0,13.0466555,77.579201,Kodigehalli,"10th Cross Road, Sapthagiri Layout, RMV Stage 2, Bengaluru, Karnataka. Pin-560094 (India)"
1549.0,12.8911333,77.5939243,J.P. Nagar,"5th Main Road, Govinda Reddy Layout, Arakere, Bengaluru, Karnataka. Pin-560076 (India)"
1552.0,13.0271111,77.633527,Banaswadi,"MBT Road, Hennuru Junction, HBR Layout, Bengaluru, Karnataka. Pin-560043 (India)"
1554.0,12.9166131,77.60177895000001,Mico Layout,"Outer Ring Road, GKS Layout, BTM Layout Stage 2, Bengaluru, Karnataka. Pin-560076 (India)"
1558.0,12.9825565,77.6353914,Jeevanbheemanagar,"Old Madras Road, BDA Complex, Indiranagar, Bengaluru, Karnataka. Pin-560038 (India)"
1559.0,12.983789,77.5901262,Cubbon Park,"Cubbon Road, Chalukya Circle, Gandhi Nagar, Bengaluru, Karnataka. Pin-560001 (India)"
1562.0,12.9646867,77.575565,City Market,"BGS Flyover, Sri Krishna Rajendra Market, Chickpete, Bengaluru, Karnataka. Pin-560002 (India)"
1568.0,12.9947151,77.7178932,Mahadevapura,"Hoodi Main Road, Thigalarapalya, Hoodi, Bengaluru, Karnataka. Pin-560048 (India)"
1570.0,13.0083617,77.5544889,Malleshwaram,"80 Feet Ring Road, Dr Rajkumar Road 17th Cross Junction, Rajaji Nagar, Bengaluru, Karnataka. Pin-560010 (India)"
1571.0,12.936683,77.6051806,Mico Layout,"Hosur Road, CC Layout, Adugodi, Bengaluru, Karnataka. Pin-560029 (India)"
1572.0,12.9345733,77.612245,Adugodi,"Hosur Road, UCO Bank Junction, Koramangala, Bengaluru, Karnataka. Pin-560095 (India)"
1579.0,12.9267084,77.577034,Banashankari,"Konanakunte Main Road, Block 7, Jayanagar, Bengaluru, Karnataka. Pin-560070 (India)"
1582.0,12.93859975,77.57933491,Basavanagudi,"Model House Street, VP Layout, Basavanagudi, Bengaluru, Karnataka. Pin-560004 (India)"
1583.0,12.9416075,77.6087435,Adugodi,"Hosur Road, ML Colony, Adugodi, Bengaluru, Karnataka. Pin-560030 (India)"
1585.0,12.9114476,77.5858614,J.P. Nagar,"24th Main Road, RK Colony, JP Nagar Phase 2, Bengaluru, Karnataka. Pin-560078 (India)"
1592.0,12.93285285,77.51630304,Kengeri,"Sri Sri Sri Tiruchi Mahaswamiji Road, Ideal Home Township, Rajarajeshwari Nagar, Bengaluru, Karnataka. Pin-560098 (India)"
1593.0,12.9560905,77.6056897,Ashok Nagar,"Hosur Road, Muniswamy Garden, Nilsandra, Bengaluru, Karnataka. Pin-560025 (India)"
1594.0,12.9603888,77.606344,Ashok Nagar,"Hosur Road, Sir Mirza Ismail Nagar, Richmond Town, Bengaluru, Karnataka. Pin-560025 (India)"
1599.0,12.977485,77.590915,Cubbon Park,"Dr Ambedkar Road, Shanthaveri Gopalagowda Circle, Gandhi Nagar, Bengaluru, Karnataka. Pin-560001 (India)"
1605.0,12.9635623,77.5767354,City Market,"KR Main Road, City Market Circle, Bengaluru, Karnataka. Pin-560002 (India)"
1610.0,12.9590877,77.57209,V.V.Puram (C.Pet),"Pampa Mahakavi Road, Appajappa Agrahara, Chamarajpet, Bengaluru, Karnataka. Pin-560018 (India)"
1617.0,12.9692182,77.5856419,Halasuru Gate,"District Office Road, Cubbonpet, Nagartapete, Bengaluru, Karnataka. Pin-560002 (India)"
1624.0,12.9510582,77.591687,Wilson Garden,"Hosur Road, Kengal Hanumanthaiah Circle, Wilson Garden, Bengaluru, Karnataka. Pin-560027 (India)"
1629.0,12.9925918,77.5919329,High ground,"7th Cross Road, Valliappa Nagar, Bengaluru, Karnataka. Pin-560001 (India)"
1631.0,12.9280908,77.5972749,Jayanagara,"East End A Main Road, SRK Garden, Jayanagar, Bengaluru, Karnataka. Pin-560011 (India)"
1632.0,13.1237757,77.6133367,Yelahanka,"Bellary Road, Nitesh Central Park, Vinayak Nagar, Kattigenahalli, Bengaluru, Karnataka. Pin-560063 (India)"
1636.0,13.0945429,77.6006646,Yelahanka,"Jakkur Main Road, Ganapathi Layout, Nehru Nagar, Bengaluru, Karnataka. Pin-560064 (India)"
1640.0,12.9513831,77.5969375,Wilson Garden,"BTS Main Road, NGO Colony, Wilson Garden, Bengaluru, Karnataka. Pin-560027 (India)"
1642.0,12.9177748,77.6000238,Mico Layout,"Jayadeva BTM Underpass, Jayadeva Junction, BTM Layout Stage 1, Bengaluru, Karnataka. Pin-560029 (India)"
